event_name,category,dates_history_incl_26_27,resort_or_spot,region,country,organizer,contact_email,website,instagram,description,estimated_size,wspl_verified_free,status_26_27
"Hintertux Park Opening","Glacier Opening, Gear-Demo & Sessions","2023-10-06; 2024-10-03; 2025-10-03; 2026-10-02","Betterpark Hintertux","Tirol","Austria","Hotzone.tv & Hintertuxer Gletscher","info@hotzone.tv","https://hintertuxparkopening.com","@betterparkhintertux","Europäischer Saison-Kick-Off mit 'Metal Battle' Rail Jam, Kids-Coaching und riesigem Hardware-Testival.","ca. 2.000+ Tester & Shredder",TRUE,"Bestätigt (02.-04. Okt 2026)"
"Jib King Absolut Park","Open Amateur/Pro Jib Contest","2023-12-16; 2024-12-14; 2025-12-13; 2026-12-12","Absolut Park Flachauwinkl","Salzburg","Austria","Absolut Park / Absolut School Team","absolutpark@flachauwinkl.com","https://absolutpark.com","@absolutpark","Saison-Eröffnungs-Contest für Amateure und Pros in entspannter Jam-Atmosphäre am Chill House.","ca. 100-130 Teilnehmer",TRUE,"Bestätigt (12.-13. Dez 2026)"
"Rock A Rail Tour","City Street Rail Jam","2023-10-14; 2024-11-09; 2025-10-18; 2026-10-02","Hintertux / Thun / Budapest / Den Haag","Europe Tour","Netherlands / Austria / Switzerland","Stichting Rock A Rail / Gerben Verweij","info@rockarail.tv","https://rockarail.tv","@rockarail","Europas größte innerstädtische Gerüst-Rail-Jam-Serie auf progressivem Setup mit Cash Prizemoney.","ca. 50 Rider, 3.000-5.000 Zuschauer",TRUE,"Bestätigt (Herbst 26 - Winter 27)"
"Mt. Baker Legendary Banked Slalom (LBS)","Banked Slalom","2024-02-09; 2025-02-07; 2026-02-06; 2027-02-19","Mt. Baker Ski Area (Shuksan Arm)","Washington","USA","Gwyn Howat & Duncan Family","snow@mtbaker.us","https://lbs.mtbaker.us","@mtbakerskiarea","Traditionsreichstes Non-Sanctioned Event der Snowboardgeschichte (seit 1985). Startplätze per Lotterie.","ca. 400 Starter, globales Community-Treffen",TRUE,"Bestätigt (19.-21. Feb 2027)"
"The Bomb Hole Cup","Banked Slalom & Park Showdown","2024-04-06; 2025-04-05; 2026-03-28; 2027-04-03","Brighton Resort","Utah","USA","The Bomb Hole (Chris Grenier, Ethan Stone)","thebombhole@gmail.com","https://thebombhole.com","@thebombhole","Zweitages-Happening: Tag 1 Banked Slalom, Tag 2 Park Showdown mit Live-Podcasts und Partys.","ca. 350+ Rider, 1.200+ Festivalgäste",TRUE,"Bestätigt (03.-04. Apr 2027)"
"Longboard Classic Stuben","Open Mass-Start / Soul Shred","2024-04-13; 2025-04-05; 2026-04-11; 2027-04-03","Stuben am Arlberg (Albona)","Vorarlberg","Austria","Paul Gruber & LBC Crew","info@longboardclassic.net","https://longboardclassic.net","@longboardclassic","Das 'Woodstock des Snowboardens': Weltgrößtes Massenstart-Rennen über 1.001 Höhenmeter.","ca. 450-500 Starter, 1.000+ Besucher",TRUE,"Bestätigt (03. Apr 2027)"
"Neil Edgeworth Memorial Banked Slalom","Banked Slalom","2024-03-23; 2025-03-22; 2026-03-21; 2027-03-21","Big White Ski Resort","British Columbia","Canada","Big White Events & Edgeworth Family","events@bigwhite.com","https://bigwhite.com","@skibigwhite","Ältestes Banked-Slalom-Rennen Kanadas zu Ehren von Neil Edgeworth mit echter Grassroots-Stimmung.","ca. 250-300 Starter aller Altersklassen",TRUE,"Bestätigt (21.-22. Mär 2027)"
"Riksgränsen Banked Slalom (RBS)","Arctic Banked Slalom","2024-05-09; 2025-05-08; 2026-05-14; 2027-05-14","Riksgränsen Ski Resort","Lappland","Sweden","Riksbanked Crew & Lapland Resorts","info@riksgransen.se","https://riksbankedslalom.se","@riksbankedslalom","Traditionsreicher Saisonabschluss unter der Mitternachtssonne 200 km nördlich des Polarkreises.","ca. 250 Starter, skandinavischer Kult",TRUE,"Bestätigt (14.-16. Mai 2027)"
"The Uninvited Invitational","Street / Urban Rail Jam & Invitational","2024-04-12; 2025-04-11; 2026-04-10; 2027-04-09 (TBC)","Woodward Park City","Utah","USA","Jess Kimura & The Uninvited Crew","info@the-uninvited.com","https://the-uninvited.com","@the__uninvited","Führendes All-Women & Non-Binary Street-Event mit $55k+ Preisgeld und Open Qualifiern.","ca. 80 Starterinnen, 1.500+ Zuschauer",TRUE,"In Planung (April 2027)"
"Red Bull Heavy Metal","Urban Street Rail Jam","2024-02-10; 2025-02-01; 2026-02-21; 2027-02 (TBC)","City Plazas (Boston, St. Paul, Montreal, Helsinki)","MA / MN / Quebec / Uusimaa","USA / Canada / Finland","Red Bull & Core Street Committee","contact@redbull.com","https://redbull.com/heavymetal","@redbullsnow","Innerstädtische Gerüst- und Treppengeländer-Schlacht ohne Verbandsregularien mit Rider-Judges.","ca. 40 Pros & Wildcards, 4.000+ Zuschauer",TRUE,"Tour 26/27 in Vorbereitung"
"SuddenRush Banked Slalom LAAX","Core Banked Slalom & Masters Jam","2024-03-01; 2025-03-07; 2026-03-06; 2027-03-05 (TBC)","LAAX, Crap Sogn Gion","Graubünden","Switzerland","Nicolas Müller, Terje Håkonsen & LAAX","event@laax.com","https://suddenrush.ch","@suddenrush_bankedslalom","Unabhängiges Banked-Slalom-Happening für alle Generationen abseits des LAAX Open FIS-Zirkus.","ca. 350-400 Starter",TRUE,"Zeitfenster Anfang März 2027"
"Tenjin Banked Slalom","Banked Slalom & Freeride Gathering","2024-03-02; 2025-03-01; 2026-03-07; 2027-03-06 (TBC)","Tanigawadake Tenjindaira","Gunma","Japan","Tenjin Banked Slalom Committee & TJ Brand","info@tj-bankedslalom.com","https://tj-bankedslalom.com","@tenjin_banked_slalom","Japans renommiertester Banked Slalom mit Fokus auf Powder-Turns, Board-Shapes und japanische Kultur.","ca. 200 Starter, intl. Freeride-Pros",TRUE,"Zeitfenster Anfang März 2027"
"Kaunertal Spring Classics","Spring Park Sessions & Banked Slalom","2024-04-13; 2025-04-12; 2026-04-11; 2027-04-10 (TBC)","Kaunertaler Gletscher Snowpark","Tirol","Austria","Snowboardclub Innsbruck & Kaunertal","media@snowboardclub.at","https://snowpark-kaunertal.net","@snowpark_kaunertal","Frühjahrs-Park-Sessions mit Snowboard-Testival und Banked Slalom bis Mitte Mai.","ca. 1.500+ Teilnehmer",TRUE,"Gletscherbetrieb 26.09.26 - 17.05.27"
"Rhythm Rail Jam Niseko","Street Rail Jam / Cash-for-Tricks","2024-03-02; 2025-03-01; 2026-02-28; 2027-02-27 (TBC)","Niseko Grand Hirafu","Hokkaido","Japan","Rhythm Japan & Local Shapers","info@rhythmjapan.com","https://rhythmjapan.com","@rhythmjapan","Flutlicht-Rail-Session im Village-Zentrum für internationale Seasonaires und lokale Street-Rider.","ca. 60 Rider, 1.000+ Zuschauer",TRUE,"Zeitfenster Ende Feb 2027"
"Burton Mystery Series China","Community Banked Slalom & Demo","2024-01-20; 2025-01-18; 2026-01-17; 2027-01-16 (TBC)","Songhua Lake Resort / Secret Garden","Jilin / Hebei","China","Burton China Events Team","service.china@burton.com","https://burton.com","@burtonchina","Chinas größtes unabhängiges Community-Treffen mit Banked Slalom und Demos ohne FIS-Druck.","ca. 300 Starter, 1.500+ Besucher",TRUE,"Zeitfenster Mitte Jan 2027"
"Phoenix Park Extreme Jib Jam","Night Rail Jam & Park Session","2024-01-13; 2025-01-11; 2026-01-10; 2027-01-09 (TBC)","Phoenix Pyeongchang (Extreme Park)","Gangwon-do","South Korea","Phoenix Park Shapers & Local Core Shops","ppinfo@phoenixhnr.co.kr","https://phoenixhnr.co.kr","@phoenixpyeongchang","Zentraler Jib-Treffpunkt der koreanischen Snowboard-Community unter Flutlicht.","ca. 100 Starter, 500+ Zuschauer",TRUE,"Zeitfenster Jan 2027"
"Lord of the Ropes","Rope-Tow Rail Jam / Bracket","2024-02-17; 2025-02-15; 2026-02-14; 2027-02-13 (TBC)","Trollhaugen Outdoor Recreation Area","Wisconsin","USA","Trollhaugen & The Interior Plain Project","info@trollhaugen.com","https://trollhaugen.com","@trollhaugen_snow","Midwest Tow-Rope Highlight: 1-gegen-1 Bracket-Duelle an progressiven Street-Features.","ca. 64 Rider, 800+ Zuschauer",TRUE,"Zeitfenster Mitte Feb 2027"
"Carinthia Classic","Freestyle & Rail Jam Contest","2024-03-09; 2025-03-08; 2026-03-14; 2027-03-13 (TBC)","Mount Snow, Carinthia Parks","Vermont","USA","Carinthia Parks / Mount Snow Events","events@mountsnow.com","https://mountsnow.com","@carinthiaparks","East-Coast-Klassiker mit maßgeschneiderten Park- und Plaza-Features für Amateure & Pros.","ca. 120 Teilnehmer, 1.000+ Zuschauer",TRUE,"Zeitfenster Mitte März 2027"
"Monster Boarderstyle","Boarderstyle (Boardercross meets Park)","2024-03-16; 2025-03-15; 2026-03-14; 2027-03-13 (TBC)","SilverStar Mountain Resort / Fernie","British Columbia","Canada","Monster Energy Canada & SilverStar Park Crew","tickets@skisilverstar.com","https://skisilverstar.com","@silverstarmtnresort","4-Rider-Boardercross-Rennen kombiniert mit obligatorischen Freestyle-Features und Step-downs.","ca. 100 Starter, 600+ Zuschauer",TRUE,"Zeitfenster März 2027"
"Holy Bowly","Custom Transition / Flow Bowl Jam","2023-04-24; 2024-04-29; 2025-04-28; 2026/27 Session","Sunshine Village / Mammoth / Timberline","Alberta / California / Oregon","Canada / USA","Snowboy Productions (Krush Kulesza)","krush@snowboyproductions.us","https://snowboyproductions.us","@snowboyproductions","Einwöchige Schneeskulpturen-Session mit Fokus auf Flow, Style und unendliche Lines.","ca. 200 geladene/qualifizierte Rider",TRUE,"Frühjahr 2027 in Planung"
"The IT'S TITS! Event","Women's / Queer Community Jam & Fundraiser","2023-05-12; 2024-05-17; 2025-05-16; 2027-05-14 (TBC)","Timberline Lodge, Mt. Hood","Oregon","USA","Jess Kimura & Snowboy Productions (B4BC)","krush@snowboyproductions.us","https://snowboyproductions.us","@snowboyproductions","Non-Profit Transition-Setup zur Unterstützung von Brustkrebsaufklärung (B4BC) und FLINTA*-Ridern.","ca. 150-200 Teilnehmerinnen",TRUE,"Zeitfenster Mitte Mai 2027"
"DIYX Street Jam","Urban Rail Jam & Cash-for-Tricks","2023-11-18; 2024-11-23; 2025-11-22; 2026-11-21 (TBC)","Marktplatz / Landhausplatz & City Plazas","Tirol / Uusimaa","Austria / Finland","Ethan Morgan, DIYX Crew & Method Mag","info@diyxstreetjam.com","https://diyxstreetjam.com","@diyxstreetjam","Kult-Urban-Jib-Event von Ethan Morgan mit rohem Street-Setup, Live-Musik und Afterparty.","ca. 60 Rider, 2.500+ Zuschauer",TRUE,"Zeitfenster Nov 2026"
"Volcom Spot to Spot","All-Terrain / Side-Hit Challenge","2024-03-30; 2025-03-29; 2026-03-28; 2027-03-27 (TBC)","Avoriaz (Snowpark Arare & The Stash)","Haute-Savoie","France","Volcom Europe & Avoriaz Snowzone","contact@volcom.eu","https://volcom.eu","@volcomsnow","Kreativer All-Mountain-Jam über natürliche Hips, Holz-Features im Stash und Park-Hits.","ca. 150-200 Teilnehmer",TRUE,"Zeitfenster Ende März 2027"
"Shred Poker Penken Park","Open Cash-for-Tricks Session","2024-01-20; 2025-01-18; 2026-01-17; 2027-01-16 (TBC)","Penken Park Mayrhofen","Tirol","Austria","QParks & Mayrhofner Bergbahnen","info@qparks.com","https://penkenpark.net","@penkenpark","Klassische Cash-for-Tricks Session: Pokerchips für stylische Tricks gegen Bares eintauschen.","ca. 80-120 Teilnehmer",TRUE,"Zeitfenster Jan 2027"
