park_id,park_name,resort_name,country,region,facility_type,elevation_masl,total_obstacles,jump_count,jib_count,size_category,has_pipe,pipe_type,rating_beginner,rating_intermediate,rating_advanced,rating_pro_xl,overall_wspl_stars,progression_features,has_park_lift,dedicated_groomer,daily_shape,shaper_crew,dedicated_snowmaking,has_nightpark,season_window,nearest_train_station,nearest_airport,public_transit_score,instagram_handle,website_url,event_calendar_url,wsf_verified,latitude,longitude
park-andorra-grandvalira-el-tarter,Snowpark Grandvalira (El Tarter),Grandvalira El Tarter,Andorra,Canillo,Resort,2100m,50,16,34,40 to 79 Features,Yes,Superpipe,4,5,5,5,5,Yes,Yes,Yes,Yes,Coliflor Freestyle / Grandvalira Crew,Yes,Yes,December to April,L'Hospitalet-près-l'Andorre (20 km),Barcelona BCN (200 km) / Toulouse (175 km),Good,@grandvalira_parks,https://www.grandvalira.com,https://www.grandvalira.com/events,Yes,42.581,1.652
park-andorra-grandvalira-grau-roig,Sunset Park Henrik Harlaut,Grandvalira Grau Roig,Andorra,Encamp,Resort,Mountain / Resort,26,8,18,20 to 39 Features,No,None,4,3,3,2,3,No,Yes,Yes,Yes,Coliflor Freestyle,Yes,No,December to April,Regional Hub Station,International Gateway,Good,@sunset_park_henrik_harlaut,https://www.grandvalira.com/sunset-park-peretol,https://www.grandvalira.com/sunset-park-peretol,No,42.532,1.701
park-argentina-cerro-catedral-bariloche,Cerro Catedral Terrain Park,Cerro Catedral (Bariloche),Argentina,Río Negro,Resort,Mountain / Resort,26,8,18,20 to 39 Features,No,None,4,3,3,2,3,No,Yes,Yes,Yes,Catedral Snowpark Crew,Yes,No,June to October,Regional Hub Station,International Gateway,Good,@cerro_catedral_terrain_park,https://catedralaltapatagonia.com/,https://catedralaltapatagonia.com/,No,-41.171,-71.438
park-australia-falls-creek-alpine-resort,Falls Creek Terrain Parks,Falls Creek Alpine Resort,Australia,Victoria,Resort,Mountain / Resort,26,8,18,20 to 39 Features,No,None,4,3,3,2,3,No,Yes,Yes,Yes,Falls Creek Park Crew,Yes,No,June to October,Regional Hub Station,International Gateway,Good,@falls_creek_terrain_parks,https://www.fallscreek.com.au/terrainparks,https://www.fallscreek.com.au/terrainparks,No,-36.865,147.288
park-australia-mount-hotham,Mount Hotham Basin & Parks,Mount Hotham,Australia,Victoria,Resort,Mountain / Resort,26,8,18,20 to 39 Features,No,None,4,3,3,2,3,No,Yes,Yes,Yes,Hotham Park Crew,Yes,No,June to October,Regional Hub Station,International Gateway,Good,@mount_hotham_basin_parks,https://www.mthotham.com.au/terrain-parks,https://www.mthotham.com.au/terrain-parks,No,-36.985,147.132
park-australia-perisher-ski-resort-front-valley-ps3,Perisher Terrain Parks,Perisher Ski Resort (Front Valley / PS3),Australia,New South Wales,Resort,1720 - 2054m,65,20,45,40 to 79 Features,Yes,Superpipe (22ft),5,5,5,5,5,No,Yes,Yes,Yes,Effective Edge / Perisher Park Crew,Yes,Yes,June to October,Skitube Alpine Railway (Perisher Valley),Cooma OOM (80 km) / Canberra CBR (210 km),Good,@perisherparks,https://www.perisher.com.au,https://www.perisher.com.au/events,Yes,-36.404,148.414
park-australia-thredbo-resort-cruiser-anton-s,Thredbo Terrain Parks,Thredbo Resort (Cruiser / Anton's),Australia,New South Wales,Resort,Mountain / Resort,26,8,18,20 to 39 Features,No,None,4,3,3,2,3,No,Yes,Yes,Yes,Thredbo Parks Crew,Yes,No,June to October,Regional Hub Station,International Gateway,Good,@thredbo_terrain_parks,https://www.thredbo.com.au/mountain/terrain-parks/,https://www.thredbo.com.au/mountain/terrain-parks/,No,-36.502,148.304
park-austria-shuttleberg-flachauwinkl-kleinarl,Absolut Park Flachauwinkl,Shuttleberg Flachauwinkl-Kleinarl,Austria,Salzburg,Resort,1400 - 1980m,110,35,75,80+ Features,Yes,Halfpipe (5.5m),5,5,5,5,5,Yes,Yes,Yes,Yes,Absolut Park Shape Crew / Schneestern,Yes,No,December to April,Radstadt (18 km),Salzburg SZG (70 km),Good,@absolutpark,https://www.absolutpark.com,https://www.absolutpark.com/events/,Yes,47.2915,13.385
park-austria-banger-park-freestyle-training-facility,Banger Park Scharnitz,Banger Park Freestyle Training Facility,Austria,Tyrol,Dryslope,964m,22,12,10,20 to 39 Features,No,None,3,5,4,1,5,Yes,Yes,No,Yes,Banger Park Shape Crew,No,Yes,May to November & Year-round,Scharnitz (1 km),Innsbruck INN (25 km),Good,@bangerpark,https://www.bangerpark.com,https://www.bangerpark.com/events,Yes,47.388,11.265
park-austria-hintertux-glacier,Betterpark Hintertux,Hintertux Glacier,Austria,Tyrol,Resort,3200m,45,16,29,40 to 79 Features,Yes,Superpipe (6.0m),3,5,5,5,5,Yes,Yes,Yes,Yes,Wille Kaufmann / Betterpark Crew,Yes,No,September to December & April to June,Mayrhofen (20 km),Innsbruck INN (85 km),Good,@betterpark_hintertux,https://www.betterpark.at,https://www.betterpark.at/events,Yes,47.069,11.677
park-austria-hochzillertal-kaltenbach,Betterpark Hochzillertal,Hochzillertal Kaltenbach,Austria,Tyrol,Resort,Mountain / Resort,26,8,18,20 to 39 Features,No,None,4,3,3,2,3,No,Yes,Yes,Yes,Betterpark Crew,Yes,No,December to April,Regional Hub Station,International Gateway,Good,@betterpark_hochzillertal,https://www.betterpark.at/,https://www.betterpark.at/,No,47.288,11.834
park-austria-hochkoenig-muehlbach,Blue Tomato Kings Park,Hochkönig (Mühlbach),Austria,Salzburg,Resort,1600m,52,18,34,40 to 79 Features,No,None,4,5,4,4,4,No,Yes,Yes,Yes,QParks,Yes,No,December to April,Bischofshofen (15 km),Salzburg SZG (65 km),Good,@kingspark_hochkoenig,https://www.hochkoenig.at,https://www.qparks.com,Yes,47.3795,13.0642
park-austria-kuehtai,KPark Kühtai Superpipe & Slopestyle,Kühtai,Austria,Tyrol,Resort,2020m,38,14,24,20 to 39 Features,Yes,Superpipe (6.5m),4,4,5,5,5,Yes,Yes,Yes,Yes,KPark Shape Crew / Schneestern,Yes,Yes,December to April,Ötztal Bahnhof (22 km),Innsbruck INN (35 km),Good,@kpark_kuehtai,https://www.kuehtai.info,https://www.kuehtai.info/events,Yes,47.214,11.018
park-austria-kitzsteinhorn-kaprun,Kitzsteinhorn Snowpark & Superpipe,Kitzsteinhorn (Kaprun),Austria,Salzburg,Resort,2500 - 3000m,85,28,57,80+ Features,Yes,Superpipe (6.5m),4,5,5,5,5,Yes,Yes,Yes,Yes,Kitzsteinhorn Park Crew,Yes,No,October to May,Zell am See (15 km),Salzburg SZG (85 km),Good,@kitzsteinhornsnowpark,https://www.kitzsteinhorn.at,https://www.kitzsteinhorn.at/events,Yes,47.204,12.686
park-austria-mayrhofen-zillertal,PenkenPark Mayrhofen,Mayrhofen (Zillertal),Austria,Tyrol,Resort,1800 - 2000m,65,22,43,40 to 79 Features,Yes,Minipipe,5,5,5,5,5,Yes,Yes,Yes,Yes,QParks / Mayrhofner Bergbahnen,Yes,No,December to April,Mayrhofen (3 km),Innsbruck INN (70 km),Good,@penkenpark,https://www.mayrhofner-bergbahnen.com,https://www.mayrhofner-bergbahnen.com/events,Yes,47.172,11.815
park-austria-innsbruck-nordkette-seegrube,Skylinepark / Moon Park Nordkette,Innsbruck Nordkette (Seegrube),Austria,Tyrol,Resort,1905m,28,8,20,20 to 39 Features,No,None,3,4,4,3,4,No,Yes,Yes,Yes,Nordkette Skyline Crew,Yes,Yes,December to April,Innsbruck Hbf (Direct Cable Car),Innsbruck INN (6 km),Good,@skylineparkinnsbruck,https://nordkette.com,https://nordkette.com/events,Yes,47.305,11.378
park-austria-russbach-dachstein-west,Snowpark Dachstein West,Russbach / Dachstein West,Austria,Salzburg,Resort,Mountain / Resort,45,15,30,40 to 79 Features,No,None,4,4,4,4,4,No,Yes,Yes,Yes,QParks,Yes,No,December to April,Regional Hub Station,International Gateway,Good,@snowpark_dachstein_west,https://www.qparks.com/snowpark-dachstein-west/,https://www.qparks.com/snowpark-dachstein-west/,Yes,47.585,13.485
park-austria-damuels-mellau,Snowpark Damüls,Damüls Mellau,Austria,Vorarlberg,Resort,1800m,45,15,30,40 to 79 Features,No,None,4,4,4,4,4,No,Yes,Yes,Yes,Allgäu Shape Crew / Schneestern,Yes,No,December to April,Bludenz (30 km),Zürich ZRH (140 km),Moderate,@snowparkdamuels,https://www.snowparkdamuels.com,https://www.snowparkdamuels.com/events,Yes,47.279,9.892
park-austria-ehrwald,Snowpark Ehrwalder Alm,Ehrwald,Austria,Tyrol,Resort,Mountain / Resort,45,15,30,40 to 79 Features,No,None,4,4,4,4,4,No,Yes,Yes,Yes,QParks,Yes,No,December to April,Regional Hub Station,International Gateway,Good,@snowpark_ehrwalder_alm,https://www.qparks.com/snowpark-ehrwalder-alm/,https://www.qparks.com/snowpark-ehrwalder-alm/,Yes,47.391,10.952
park-austria-bad-gastein-stubnerkogel,Snowpark Gastein,Bad Gastein (Stubnerkogel),Austria,Salzburg,Resort,Mountain / Resort,45,15,30,40 to 79 Features,No,None,4,4,4,4,4,No,Yes,Yes,Yes,QParks,Yes,No,December to April,Regional Hub Station,International Gateway,Good,@snowpark_gastein,https://www.qparks.com/snowpark-gastein/,https://www.qparks.com/snowpark-gastein/,Yes,47.112,13.125
park-austria-kaunertal-glacier,Snowpark Kaunertal,Kaunertal Glacier,Austria,Tyrol,Resort,2750 - 3100m,42,14,28,40 to 79 Features,Yes,Minipipe,4,5,5,5,5,Yes,Yes,Yes,Yes,Schneestern,Yes,No,October to May,Landeck-Zams (38 km),Innsbruck INN (95 km),Moderate,@snowpark_kaunertal,https://www.snowpark-kaunertal.net,https://www.snowpark-kaunertal.net/events,Yes,46.902,10.725
park-austria-kitzbuehel-hanglalm,Snowpark Kitzbühel,Kitzbühel (Hanglalm),Austria,Tyrol,Resort,1900m,35,12,23,20 to 39 Features,No,None,4,4,4,3,4,No,Yes,Yes,Yes,QParks,Yes,No,December to April,Kitzbühel (12 km),Innsbruck INN (90 km),Good,@snowpark_kitzbuehel,https://www.kitzski.at,https://www.qparks.com,Yes,47.382,12.441
park-austria-silvretta-montafon-grasjoch,Snowpark Montafon,Silvretta Montafon (Grasjoch),Austria,Vorarlberg,Resort,1950m,40,14,26,40 to 79 Features,No,None,4,5,4,4,4,No,Yes,Yes,Yes,Schneestern,Yes,No,December to April,Schruns (8 km),Zürich ZRH (150 km),Good,@snowparkmontafon,https://www.silvretta-montafon.at,https://www.silvretta-montafon.at/events,Yes,47.072,10.015
park-austria-waidring-steinplatte,Snowpark Steinplatte,Waidring Steinplatte,Austria,Tyrol,Resort,1600m,32,10,22,20 to 39 Features,No,None,4,4,3,2,3,No,Yes,Yes,Yes,QParks,Yes,No,December to April,St. Johann in Tirol (15 km),Salzburg SZG (50 km),Good,@snowparksteinplatte,https://www.steinplatte.tirol,https://www.qparks.com,Yes,47.604,12.582
park-austria-turracher-hoehe,Snowpark Turracher Höhe,Turracher Höhe,Austria,Carinthia,Resort,Mountain / Resort,45,15,30,40 to 79 Features,No,None,4,4,4,4,4,No,Yes,Yes,Yes,QParks,Yes,No,December to April,Regional Hub Station,International Gateway,Good,@snowpark_turracher_hoehe,https://www.qparks.com/snowpark-turracher-hoehe/,https://www.qparks.com/snowpark-turracher-hoehe/,Yes,46.918,13.874
park-austria-zillertal-arena-gerlos,Snowpark Zillertal Arena,Zillertal Arena (Gerlos),Austria,Tyrol,Resort,Mountain / Resort,45,15,30,40 to 79 Features,Yes,Superpipe (6.5m+),4,4,5,5,5,Yes,Yes,Yes,Yes,QParks / Actionpark,Yes,No,December to April,Regional Hub Station,International Gateway,Good,@snowpark_zillertal_arena,https://www.zillertalarena.com/actionpark-kreuzwiese/,https://www.zillertalarena.com/actionpark-kreuzwiese/,Yes,47.241,12.032
park-austria-stubai-glacier-stubaier-gletscher,Stubai Zoo,Stubai Glacier (Stubaier Gletscher),Austria,Tyrol,Resort,3100m,50,18,32,40 to 79 Features,No,None,3,5,5,5,5,Yes,Yes,Yes,Yes,Schneestern,Yes,No,October to December & Spring,Innsbruck Hbf (40 km),Innsbruck INN (45 km),Good,@stubaizoo,https://www.stubaier-gletscher.com/stubai-zoo/,https://www.stubaier-gletscher.com/stubai-zoo/events/,Yes,47.0115,11.1275
park-austria-schladming-planai,Superpark Planai,Schladming Planai,Austria,Styria,Resort,1800m,48,16,32,40 to 79 Features,No,None,5,5,4,4,4,No,Yes,Yes,Yes,QParks,Yes,No,December to April,Schladming (2 km),Salzburg SZG (90 km),Good,@superparkplanai,https://www.planai.at,https://www.qparks.com,Yes,47.3758,13.7258
park-belgium-ice-mountain-komen,Ice Mountain Adventure Park,Ice Mountain Komen,Belgium,Wallonia,Indoor,Mountain / Resort,26,8,18,20 to 39 Features,No,None,4,3,3,2,3,No,Yes,Yes,Yes,Ice Mountain Park Crew,Yes,No,Year-round (365 days),Regional Hub Station,International Gateway,Good,@ice_mountain_adventure_park,https://www.ice-mountain.com/,https://www.ice-mountain.com/,No,50.771,2.998
park-belgium-snow-valley-peer,Snow Valley Peer Freestyle Area,Snow Valley Peer,Belgium,Flanders,Indoor,Mountain / Resort,26,8,18,20 to 39 Features,No,None,4,3,3,2,3,No,Yes,Yes,Yes,Snow Valley Crew,Yes,No,Year-round (365 days),Regional Hub Station,International Gateway,Good,@snow_valley_peer_freestyle_area,https://www.snowvalley.be/,https://www.snowvalley.be/,No,51.128,5.438
park-bulgaria-bansko-ski-resort-plato,Snowpark Bansko,Bansko Ski Resort (Plato),Bulgaria,Blagoevgrad,Resort,2200m,28,8,20,20 to 39 Features,No,None,4,4,3,2,3,No,Yes,Yes,Yes,Bansko Park Crew,Yes,No,December to April,Bansko (2 km),Sofia SOF (160 km),Good,@banskoski,https://www.banskoski.com,https://www.banskoski.com/events,Yes,41.778,23.441
park-canada-big-white-ski-resort,Big White TELUS Park,Big White Ski Resort,Canada,British Columbia,Resort,Mountain / Resort,26,8,18,20 to 39 Features,No,None,4,3,3,2,3,No,Yes,Yes,Yes,Arena Snowparks,Yes,No,December to April,Regional Hub Station,International Gateway,Good,@big_white_telus_park,https://www.bigwhite.com/geo/terrain-park,https://www.bigwhite.com/geo/terrain-park,No,49.721,-118.928
park-canada-grouse-mountain,Grouse Mountain Cut Park,Grouse Mountain,Canada,British Columbia,Resort,Mountain / Resort,26,8,18,20 to 39 Features,No,None,4,3,3,2,3,No,Yes,Yes,Yes,Arena Snowparks,Yes,No,December to April,Regional Hub Station,International Gateway,Good,@grouse_mountain_cut_park,https://www.grousemountain.com/terrain-parks,https://www.grousemountain.com/terrain-parks,No,49.379,-123.082
park-canada-mont-tremblant,Mont Tremblant Snowparks,Mont Tremblant,Canada,Quebec,Resort,Mountain / Resort,26,8,18,20 to 39 Features,No,None,4,3,3,2,3,No,Yes,Yes,Yes,Tremblant Shape Crew,Yes,No,December to April,Regional Hub Station,International Gateway,Good,@mont_tremblant_snowparks,https://www.tremblant.ca/snowparks,https://www.tremblant.ca/snowparks,No,46.212,-74.585
park-canada-sun-peaks-resort,Sun Peaks Terrain Park,Sun Peaks Resort,Canada,British Columbia,Resort,Mountain / Resort,26,8,18,20 to 39 Features,No,None,4,3,3,2,3,No,Yes,Yes,Yes,Arena Snowparks,Yes,No,December to April,Regional Hub Station,International Gateway,Good,@sun_peaks_terrain_park,https://www.sunpeaksresort.com/terrain-park,https://www.sunpeaksresort.com/terrain-park,No,50.884,-119.882
park-canada-whistler-blackcomb,Whistler Blackcomb Nintendo Parks,Whistler Blackcomb,Canada,British Columbia,Resort,1600 - 2100m,90,28,62,80+ Features,Yes,Superpipe (22ft),5,5,5,5,5,Yes,Yes,Yes,Yes,Arena Snowparks / Whistler Crew,Yes,No,November to May,Whistler Village,Vancouver YVR (135 km),Good,@wbparks,https://www.whistlerblackcomb.com,https://www.whistlerblackcomb.com/events,Yes,50.116,-122.948
park-canada-winsport-canada-olympic-park-calgary,Winsport Calgary Halfpipe & Park,WinSport Canada Olympic Park (Calgary),Canada,Alberta,Resort,Mountain / Resort,45,15,30,40 to 79 Features,Yes,Superpipe (6.5m+),4,4,5,5,5,Yes,Yes,Yes,Yes,Arena Snowparks / WinSport Crew,Yes,No,December to April,Regional Hub Station,International Gateway,Good,@winsport_calgary_halfpipe_park,https://www.winsport.ca/terrain-park,https://www.winsport.ca/terrain-park,Yes,51.08,-114.215
park-chile-el-colorado-farellones,El Colorado Sunset Park,El Colorado / Farellones,Chile,Santiago Metropolitan,Resort,Mountain / Resort,26,8,18,20 to 39 Features,No,None,4,3,3,2,3,No,Yes,Yes,Yes,Monster Park Crew,Yes,No,June to October,Regional Hub Station,International Gateway,Good,@el_colorado_sunset_park,https://www.elcolorado.cl/,https://www.elcolorado.cl/,No,-33.352,-70.291
park-chile-valle-nevado,Valle Nevado Terrain Park,Valle Nevado,Chile,Santiago Metropolitan,Resort,Mountain / Resort,26,8,18,20 to 39 Features,No,None,4,3,3,2,3,No,Yes,Yes,Yes,Valle Nevado Park Crew,Yes,No,June to October,Regional Hub Station,International Gateway,Good,@valle_nevado_terrain_park,https://vallenevado.com/en/mountain/terrain-park/,https://vallenevado.com/en/mountain/terrain-park/,No,-33.355,-70.249
park-china-chengdu-sunac-snow-park-dujiangyan,Chengdu Sunac Snow Park,Chengdu Sunac Snow Park (Dujiangyan),China,Sichuan,Indoor,Mountain / Resort,26,8,18,20 to 39 Features,No,None,4,3,3,2,3,No,Yes,Yes,Yes,Sunac Snow Shape Crew,Yes,No,Year-round (365 days),Regional Hub Station,International Gateway,Good,@chengdu_sunac_snow_park,http://www.sunac.com.cn/,http://www.sunac.com.cn/,No,30.952,103.621
park-china-genting-snow-park-zhangjiakou,Genting Resort Secret Garden Park & Halfpipe,Genting Snow Park (Zhangjiakou),China,Hebei,Resort,1700 - 2100m,70,22,48,40 to 79 Features,Yes,Olympic Superpipe (22ft Beijing 2022),4,5,5,5,5,Yes,Yes,Yes,Yes,Schneestern / Genting Olympic Shapers,Yes,Yes,November to April,Taizicheng High-Speed Train (Direct),Beijing Capital PEK (180 km),Good,@gentingresortsecretgarden,https://www.secretgardenresorts.com,https://www.secretgardenresorts.com/events,Yes,40.957,115.281
park-china-guangzhou-sunac-snow-park,Guangzhou Sunac Snow Park,Guangzhou Sunac Snow Park,China,Guangdong,Indoor,Mountain / Resort,26,8,18,20 to 39 Features,No,None,4,3,3,2,3,No,Yes,Yes,Yes,Sunac Snow Shape Crew,Yes,No,Year-round (365 days),Regional Hub Station,International Gateway,Good,@guangzhou_sunac_snow_park,http://www.sunac.com.cn/,http://www.sunac.com.cn/,No,23.435,113.238
park-china-harbin-sunac-snow-park,Harbin Wanda / Sunac Snow Park,Harbin Sunac Snow Park,China,Heilongjiang,Indoor,Mountain / Resort,26,8,18,20 to 39 Features,No,None,4,3,3,2,3,No,Yes,Yes,Yes,Sunac Snow Shape Crew,Yes,No,Year-round (365 days),Regional Hub Station,International Gateway,Good,@harbin_wanda_sunac_snow_park,http://www.sunac.com.cn/,http://www.sunac.com.cn/,No,45.795,126.541
park-china-kunming-sunac-snow-park,Kunming Sunac Snow Park,Kunming Sunac Snow Park,China,Yunnan,Indoor,Mountain / Resort,26,8,18,20 to 39 Features,No,None,4,3,3,2,3,No,Yes,Yes,Yes,Sunac Snow Shape Crew,Yes,No,Year-round (365 days),Regional Hub Station,International Gateway,Good,@kunming_sunac_snow_park,http://www.sunac.com.cn/,http://www.sunac.com.cn/,No,24.968,102.658
park-china-vanke-lake-songhua-resort,Lake Songhua Snow Park,Vanke Lake Songhua Resort,China,Jilin,Resort,Mountain / Resort,26,8,18,20 to 39 Features,No,None,4,3,3,2,3,No,Yes,Yes,Yes,Lake Songhua Shape Crew,Yes,No,December to April,Regional Hub Station,International Gateway,Good,@lake_songhua_snow_park,http://www.songhuaski.com/,http://www.songhuaski.com/,No,43.682,126.685
park-china-shanghai-l-snow-indoor-ski-resort-yaoxue,Shanghai L+SNOW Indoor Skiing Theme Resort,Shanghai L+SNOW Indoor Ski Resort (Yaoxue),China,Shanghai,Indoor,Indoor Dome (Largest World Indoor Slope),45,14,31,40 to 79 Features,No,None,5,5,4,2,4,Yes,Yes,Yes,Yes,L+SNOW Park Team,Yes,Yes,Year-round (365 days),Shanghai Metro Line 16 (Lingang),Shanghai Pudong PVG (30 km),Good,@lsnow_shanghai,https://www.shanghai.gov.cn,https://www.lsnow.com,Yes,30.912,121.921
park-china-thaiwoo-ski-resort-chongli,Thaiwoo Snow Park,Thaiwoo Ski Resort (Chongli),China,Hebei,Resort,Mountain / Resort,26,8,18,20 to 39 Features,No,None,4,3,3,2,3,No,Yes,Yes,Yes,Effective Edge / Thaiwoo Crew,Yes,No,December to April,Regional Hub Station,International Gateway,Good,@thaiwoo_snow_park,http://www.thaiwoo.com/,http://www.thaiwoo.com/,No,40.912,115.345
park-china-changbaishan-international-ski-resort,Wanda Changbaishan Terrain Park,Changbaishan International Ski Resort,China,Jilin,Resort,Mountain / Resort,45,15,30,40 to 79 Features,Yes,Superpipe (6.5m+),4,4,5,5,5,Yes,Yes,Yes,Yes,Changbaishan Park Crew,Yes,No,December to April,Regional Hub Station,International Gateway,Good,@wanda_changbaishan_terrain_park,http://www.whresort.com/,http://www.whresort.com/,Yes,41.986,127.568
park-china-wuxi-sunac-snow-park,Wuxi Sunac Snow Park,Wuxi Sunac Snow Park,China,Jiangsu,Indoor,Mountain / Resort,26,8,18,20 to 39 Features,No,None,4,3,3,2,3,No,Yes,Yes,Yes,Sunac Snow Shape Crew,Yes,No,Year-round (365 days),Regional Hub Station,International Gateway,Good,@wuxi_sunac_snow_park,http://www.sunac.com.cn/,http://www.sunac.com.cn/,No,31.428,120.278
park-czech-republic-pindler-v-ml-n,Snowpark Horní Mísečky / Svatý Petr,Špindlerův Mlýn,Czech Republic,Hradec Králové,Resort,1000 - 1235m,45,16,29,40 to 79 Features,Yes,Halfpipe Svatý Petr,4,5,4,4,4,No,Yes,Yes,Yes,Skiareál Špindlerův Mlýn Crew,Yes,Yes,December to April,Vrchlabí (15 km),Prague PRG (145 km),Good,@spindlresort,https://www.skiareal.cz,https://www.skiareal.cz/events,Yes,50.732,15.578
park-czech-republic-lipno-servis-kramol-n,Snowpark Lipno,Lipno Servis (Kramolín),Czech Republic,South Bohemia,Resort,800m,25,8,17,20 to 39 Features,No,None,5,3,3,2,3,No,Yes,Yes,Yes,Lipno Shape Crew,Yes,Yes,December to March,Lipno nad Vltavou (1 km),Linz LNZ (65 km) / Prague (200 km),Good,@skiareallipno,https://www.lipno.info,https://www.lipno.info/events,Yes,48.648,14.225
park-czech-republic-kl-novec-neklid-erzgebirge,Snowpark Neklid & Funpark Klínovec,Klínovec / Neklid (Erzgebirge),Czech Republic,Karlovy Vary,Resort,1100m,38,12,26,20 to 39 Features,No,None,4,4,4,3,4,No,Yes,Yes,Yes,Neklid Shapers / Klínovec Crew,Yes,No,December to March,Oberwiesenthal (5 km) / Ostrov (18 km),Prague PRG (120 km) / Leipzig LEJ (140 km),Good,@neklidsnowpark,https://klinovec.cz,https://klinovec.cz/events,Yes,50.412,12.955
park-czech-republic-de-tn-v-orlick-ch-hor-ch,Your Park Deštné,Deštné v Orlických horách,Czech Republic,Hradec Králové,Resort,850m,32,10,22,20 to 39 Features,No,None,4,4,3,2,3,No,Yes,Yes,Yes,Your Park Crew,Yes,Yes,December to March,Náchod (25 km),Wrocław WRO (115 km) / Prague (160 km),Moderate,@yourparkdestne,https://www.skicentrumdestne.cz,https://www.skicentrumdestne.cz/events,Yes,50.308,16.351
park-denmark-copenhill-amager-bakke,CopenHill Urban Mountain Park,CopenHill (Amager Bakke),Denmark,Capital Region,Dryslope,85m,22,6,16,20 to 39 Features,No,None,4,4,3,1,3,No,Yes,No,Yes,CopenHill Freestyle Crew / Neveplast,No,Yes,Year-round (365 days),Copenhagen Central / Metro,Copenhagen CPH (8 km),Good,@copenhilldk,https://www.copenhill.dk,https://www.copenhill.dk/events,Yes,55.688,12.618
park-egypt-ski-egypt-mall-of-egypt,Ski Egypt,Ski Egypt (Mall of Egypt),Egypt,Giza,Indoor,Mountain / Resort,26,8,18,20 to 39 Features,No,None,4,3,3,2,3,No,Yes,Yes,Yes,Ski Egypt Crew,Yes,No,Year-round (365 days),Regional Hub Station,International Gateway,Good,@ski_egypt,https://www.skiegypt.com/,https://www.skiegypt.com/,No,29.972,31.018
park-finland-ruka-ski-resort-kuusamo,Ruka Snow Park,Ruka Ski Resort (Kuusamo),Finland,Northern Ostrobothnia,Resort,492m,65,20,45,40 to 79 Features,Yes,Minipipes & World Cup Course,5,5,5,5,5,Yes,Yes,Yes,Yes,Ruka Park Crew / Schneestern,Yes,Yes,October to May (200 days),Rovaniemi (190 km),Kuusamo KAO (25 km),Good,@rukapark,https://www.ruka.fi,https://www.ruka.fi/events,Yes,66.165,29.151
park-finland-talma-ski-sipoo,Talma Glacier Park,Talma Ski (Sipoo),Finland,Uusimaa,Resort,120m,35,10,25,20 to 39 Features,No,None,4,5,4,3,4,No,Yes,Yes,Yes,Talma Park Crew / Schneestern,Yes,Yes,November to April,Kerava (5 km),Helsinki HEL (25 km),Good,@talmaski,https://www.talmaski.fi,https://www.talmaski.fi/events,Yes,60.401,25.188
park-finland-vuokatti,Vuokatti Freestyle Park,Vuokatti,Finland,Kainuu,Resort,Mountain / Resort,45,15,30,40 to 79 Features,Yes,Superpipe (6.5m+),4,4,5,5,5,Yes,Yes,Yes,Yes,Vuokatti Freestyle Crew,Yes,No,November to May,Regional Hub Station,International Gateway,Good,@vuokatti_freestyle_park,https://vuokatti.fi/en/slopes/freestyle-park/,https://vuokatti.fi/en/slopes/freestyle-park/,Yes,64.138,28.272
park-france-loisinord-n-ux-les-mines,Noeux-les-Mines Loisinord Freestyle Park,Loisinord Nœux-les-Mines,France,Hauts-de-France,Dryslope,Mountain / Resort,26,8,18,20 to 39 Features,No,None,4,3,3,1,3,No,Yes,No,Yes,Loisinord Freestyle Crew,No,No,Year-round (365 days),Regional Hub Station,International Gateway,Good,@noeux_les_mines_loisinord_freestyle_park,https://www.bethunebruay.fr/fr/loisinord,https://www.bethunebruay.fr/fr/loisinord,No,50.472,2.658
park-france-snowhall-amn-ville-les-thermes,Snowhall Amnéville,Snowhall Amnéville-les-Thermes,France,Grand Est,Indoor,Mountain / Resort,26,8,18,20 to 39 Features,No,None,4,3,3,2,3,No,Yes,Yes,Yes,Snowhall Freestyle Crew,Yes,No,Year-round (365 days),Regional Hub Station,International Gateway,Good,@snowhall_amn_ville,https://www.snowhall.fr/,https://www.snowhall.fr/,No,49.248,6.138
park-france-avoriaz-portes-du-soleil,Snowpark Avoriaz (The Stash / Arare),Avoriaz (Portes du Soleil),France,Haute-Savoie,Resort,1800 - 2200m,75,25,50,40 to 79 Features,Yes,Superpipe,5,5,5,5,5,Yes,Yes,Yes,Yes,Avoriaz Snowzone Shape Crew,Yes,No,December to April,Thonon-les-Bains / Cluses (35 km),Geneva GVA (80 km),Good,@snowparkavoriaz,https://www.avoriaz.com,https://www.avoriaz.com/events,Yes,46.192,6.772
park-france-chamrousse,Snowpark Chamrousse (Sunset Park),Chamrousse,France,Isère,Resort,1750m,35,12,23,20 to 39 Features,No,None,4,4,4,3,4,No,Yes,Yes,Yes,Chamrousse Park Crew,Yes,Yes,December to April,Grenoble (30 km),Lyon LYS (110 km),Good,@sunsetparkchamrousse,https://www.chamrousse.com,https://www.chamrousse.com/events,Yes,45.126,5.889
park-france-les-deux-alpes-glacier-toura,Snowpark Les 2 Alpes,Les Deux Alpes (Glacier & Toura),France,Isère,Resort,2600 - 3200m,60,20,40,40 to 79 Features,Yes,Superpipe,4,5,5,5,5,Yes,Yes,Yes,Yes,2 Alpes Park Crew,Yes,No,December to April & June-July Summer,Grenoble (70 km),Lyon LYS (160 km),Good,@les2alpesfreestyle,https://www.les2alpes.com,https://www.les2alpes.com/events,Yes,45.015,6.134
park-france-m-ribel-les-3-vall-es,Snowpark Méribel (Area 43),Méribel (Les 3 Vallées),France,Savoie,Resort,Mountain / Resort,45,15,30,40 to 79 Features,Yes,Superpipe (6.5m+),4,4,5,5,5,Yes,Yes,Yes,Yes,Hill Schnitzel / DC Area 43 Crew,Yes,No,December to April,Regional Hub Station,International Gateway,Good,@snowpark_m_ribel_area_43,https://www.meribel.net/snowpark-area-43/,https://www.meribel.net/snowpark-area-43/,Yes,45.385,6.578
park-france-tignes-val-claret-grande-motte,Snowpark Tignes (DC Park),Tignes (Val Claret / Grande Motte),France,Savoie,Resort,2600m,48,16,32,40 to 79 Features,Yes,Superpipe Grattalu,4,5,5,5,5,Yes,Yes,Yes,Yes,Tignes Freestyle Crew,Yes,No,November to May,Bourg-Saint-Maurice (30 km),Geneva GVA (170 km) / Lyon (220 km),Good,@tignes_officiel,https://www.tignes.net,https://www.tignes.net/events,Yes,45.452,6.898
park-france-val-thorens-les-3-vall-es,Snowpark Val Thorens,Val Thorens (Les 3 Vallées),France,Savoie,Resort,Mountain / Resort,26,8,18,20 to 39 Features,No,None,4,3,3,2,3,No,Yes,Yes,Yes,Val Thorens Park Crew,Yes,No,December to April,Regional Hub Station,International Gateway,Good,@snowpark_val_thorens,https://www.valthorens.com/snowpark/,https://www.valthorens.com/snowpark/,No,45.298,6.582
park-france-val-d-is-re-bellevard-bellevarde,Snowpark Val d'Isère,Val d'Isère (Bellevard / Bellevarde),France,Savoie,Resort,Mountain / Resort,26,8,18,20 to 39 Features,No,None,4,3,3,2,3,No,Yes,Yes,Yes,Val d'Isère Shape Crew,Yes,No,December to April,Regional Hub Station,International Gateway,Good,@snowpark_val_d_is_re,https://www.valdisere.com/en/activities/snowpark/,https://www.valdisere.com/en/activities/snowpark/,No,45.441,6.962
park-france-vars-la-for-t-blanche,Snowpark Vars (Park de l'Eyssina),Vars La Forêt Blanche,France,Hautes-Alpes,Resort,2200m,65,22,43,40 to 79 Features,No,None,5,5,5,5,5,No,Yes,Yes,Yes,Vars Park Crew,Yes,No,December to April,Montdauphin-Guillestre (18 km),Marseille MRS (240 km) / Turin (160 km),Moderate,@varsparkteam,https://www.vars.com,https://www.vars.com/events,Yes,44.578,6.698
park-germany-alpincenter-bottrop,Alpincenter Bottrop Freestyle Park,Alpincenter Bottrop,Germany,North Rhine-Westphalia,Indoor,Mountain / Resort,26,8,18,20 to 39 Features,No,None,4,3,3,2,3,No,Yes,Yes,Yes,Alpincenter Bottrop Crew,Yes,No,Year-round (365 days),Regional Hub Station,International Gateway,Good,@alpincenter_bottrop_freestyle_park,https://www.alpincenter.com/bottrop/,https://www.alpincenter.com/bottrop/,No,51.52,6.969
park-germany-alpincenter-hamburg-wittenburg,Alpincenter Wittenburg,Alpincenter Hamburg-Wittenburg,Germany,Mecklenburg-Vorpommern,Indoor,Mountain / Resort,26,8,18,20 to 39 Features,No,None,4,3,3,2,3,No,Yes,Yes,Yes,Wittenburg Freestyle Team,Yes,No,Year-round (365 days),Regional Hub Station,International Gateway,Good,@alpincenter_wittenburg,https://www.alpincenter.com/wittenburg/,https://www.alpincenter.com/wittenburg/,No,53.518,11.082
park-germany-abenteuer-resort-bispingen-snow-dome,Snow Dome Bispingen Terrain Park,Abenteuer Resort Bispingen (Snow Dome),Germany,Lower Saxony,Indoor,Mountain / Resort,26,8,18,20 to 39 Features,No,None,4,3,3,2,3,No,Yes,Yes,Yes,Snow Dome Shape Crew,Yes,No,Year-round (365 days),Regional Hub Station,International Gateway,Good,@snow_dome_bispingen_terrain_park,https://www.abenteuer-resort.de/,https://www.abenteuer-resort.de/,No,53.098,9.992
park-germany-snowworld-neuss-alpenpark-neuss,SnowWorld Neuss (Jever Skihalle),SnowWorld Neuss / Alpenpark Neuss,Germany,North Rhine-Westphalia,Indoor,Mountain / Resort,26,8,18,20 to 39 Features,No,None,4,3,3,2,3,No,Yes,Yes,Yes,Alpenpark Neuss Shapers,Yes,No,Year-round (365 days),Regional Hub Station,International Gateway,Good,@snowworld_neuss_jever_skihalle,https://www.alpenpark-neuss.de/,https://www.alpenpark-neuss.de/,No,51.189,6.645
park-germany-feldberg,Snowpark Feldberg,Feldberg,Germany,Baden-Württemberg,Resort,1300m,32,10,22,20 to 39 Features,No,None,4,4,3,2,3,No,Yes,Yes,Yes,Schneestern / QParks,Yes,Yes,December to March,Feldberg-Bärental (8 km),Basel BSL (70 km) / Zürich (85 km),Good,@snowparkfeldberg,https://www.feldberg-erlebnis.de,https://www.liftverbund-feldberg.de,Yes,47.859,8.036
park-germany-oberstdorf-nebelhorn,Snowpark Nebelhorn,Oberstdorf Nebelhorn,Germany,Bavaria,Resort,Mountain / Resort,45,15,30,40 to 79 Features,No,None,4,4,4,4,4,No,Yes,Yes,Yes,Schneestern,Yes,No,December to April,Regional Hub Station,International Gateway,Good,@snowpark_nebelhorn,https://www.ok-bergbahnen.com/,https://www.ok-bergbahnen.com/,Yes,47.421,10.315
park-germany-alpspitzbahn-nesselwang-red-bull-the-station,Snowpark Nesselwang,Alpspitzbahn Nesselwang (Red Bull The Station),Germany,Bavaria,Resort,900 - 1200m,28,8,20,20 to 39 Features,No,None,4,4,4,3,4,No,Yes,Yes,Yes,Schneestern,Yes,Yes,December to March,Nesselwang (1 km),Memmingen FMM (55 km) / Munich (140 km),Good,@snowparknesselwang,https://www.alpspitzbahn.de,https://www.alpspitzbahn.de/events,Yes,47.618,10.498
park-germany-spitzingsee-tegernsee-firstalm,Snowpark Spitzingsee,Spitzingsee-Tegernsee (Firstalm),Germany,Bavaria,Resort,1300m,24,6,18,20 to 39 Features,No,None,4,4,3,2,3,No,Yes,Yes,Yes,Alpenplus Park Crew,Yes,No,December to March,Fischhausen-Neuhaus (8 km),Munich MUC (95 km),Good,@snowparkspitzingsee,https://www.alpenplus.com,https://www.alpenplus.com/events,Yes,47.665,11.879
park-germany-halde-grosses-holz-bergkamen,Urban Snowpark Bergkamen,Halde Großes Holz (Bergkamen),Germany,North Rhine-Westphalia,Dryslope,Mountain / Resort,26,8,18,20 to 39 Features,No,None,4,3,3,1,3,No,Yes,No,Yes,Neveplast Urban Crew,No,No,Year-round (365 days),Regional Hub Station,International Gateway,Good,@urban_snowpark_bergkamen,https://www.bergkamen.de/,https://www.bergkamen.de/,No,51.618,7.615
park-italy-kronplatz-plan-de-corones,Kronplatz Snowpark,Kronplatz (Plan de Corones),Italy,South Tyrol,Resort,2200m,32,10,22,20 to 39 Features,No,None,5,4,3,2,3,No,Yes,Yes,Yes,F-Tech Snowparks,Yes,No,December to April,Bruneck / Perca (Direct gondola),Innsbruck INN (105 km),Good,@snowparkkronplatz,https://www.kronplatz.com,https://www.kronplatz.com/events,Yes,46.738,11.956
park-italy-livigno-mottolino-fun-mountain,Mottolino Snowpark,Livigno (Mottolino Fun Mountain),Italy,Lombardy,Resort,2400m,80,26,54,80+ Features,Yes,Superpipe (Olympic Milano-Cortina 2026),5,5,5,5,5,Yes,Yes,Yes,Yes,F-Tech Snowparks,Yes,No,November to May,Tirano (70 km),Milan BGY / MXP (190 km),Moderate,@mottolinosnowpark,https://www.mottolino.com,https://www.mottolino.com/events,Yes,46.5365,10.144
park-italy-alta-badia-piz-sorega,Snowpark Alta Badia,Alta Badia (Piz Sorega),Italy,South Tyrol,Resort,Mountain / Resort,45,15,30,40 to 79 Features,No,None,4,4,4,4,4,No,Yes,Yes,Yes,QParks,Yes,No,December to April,Regional Hub Station,International Gateway,Good,@snowpark_alta_badia,https://www.qparks.com/snowpark-alta-badia/,https://www.qparks.com/snowpark-alta-badia/,Yes,46.562,11.905
park-italy-carezza-dolomites-passo-costalunga,Snowpark Carezza,Carezza Dolomites (Passo Costalunga),Italy,South Tyrol,Resort,Mountain / Resort,45,15,30,40 to 79 Features,No,None,4,4,4,4,4,No,Yes,Yes,Yes,F-Tech Snowparks,Yes,No,December to April,Regional Hub Station,International Gateway,Good,@snowpark_carezza,https://www.f-techsnowparks.com/portfolio/carezza/,https://www.f-techsnowparks.com/portfolio/carezza/,Yes,46.406,11.592
park-italy-klausberg-ahrntal,Snowpark Klausberg,Klausberg (Ahrntal),Italy,South Tyrol,Resort,Mountain / Resort,45,15,30,40 to 79 Features,No,None,4,4,4,4,4,No,Yes,Yes,Yes,F-Tech Snowparks,Yes,No,December to April,Regional Hub Station,International Gateway,Good,@snowpark_klausberg,https://www.f-techsnowparks.com/portfolio/klausberg/,https://www.f-techsnowparks.com/portfolio/klausberg/,Yes,46.985,11.968
park-italy-meran-2000,Snowpark Meran 2000,Meran 2000,Italy,South Tyrol,Resort,Mountain / Resort,45,15,30,40 to 79 Features,No,None,4,4,4,4,4,No,Yes,Yes,Yes,F-Tech Snowparks,Yes,No,December to April,Regional Hub Station,International Gateway,Good,@snowpark_meran_2000,https://www.f-techsnowparks.com/portfolio/meran-2000/,https://www.f-techsnowparks.com/portfolio/meran-2000/,Yes,46.671,11.238
park-italy-obereggen-latemar,Snowpark Obereggen,Obereggen (Latemar),Italy,South Tyrol,Resort,1750m,35,12,23,20 to 39 Features,Yes,Halfpipe (4.5m),4,4,4,3,4,No,Yes,Yes,Yes,F-Tech Snowparks,Yes,Yes,December to April,Bolzano (20 km),Verona VRN (140 km),Good,@snowparkobereggen,https://www.obereggen.com,https://www.obereggen.com/events,Yes,46.384,11.532
park-italy-pfelders-passeiertal,Snowpark Pfelders,Pfelders (Passeiertal),Italy,South Tyrol,Resort,Mountain / Resort,45,15,30,40 to 79 Features,No,None,4,4,4,4,4,No,Yes,Yes,Yes,F-Tech Snowparks,Yes,No,December to April,Regional Hub Station,International Gateway,Good,@snowpark_pfelders,https://www.f-techsnowparks.com/portfolio/pfelders/,https://www.f-techsnowparks.com/portfolio/pfelders/,Yes,46.788,11.085
park-italy-val-gardena-groeden,Snowpark Piz Sella,Val Gardena (Gröden),Italy,South Tyrol,Resort,Mountain / Resort,45,15,30,40 to 79 Features,No,None,4,4,4,4,4,No,Yes,Yes,Yes,F-Tech Snowparks,Yes,No,December to April,Regional Hub Station,International Gateway,Good,@snowpark_piz_sella,https://www.f-techsnowparks.com/portfolio/val-gardena/,https://www.f-techsnowparks.com/portfolio/val-gardena/,Yes,46.535,11.758
park-italy-ratschings-jaufen,Snowpark Ratschings,Ratschings-Jaufen,Italy,South Tyrol,Resort,Mountain / Resort,45,15,30,40 to 79 Features,No,None,4,4,4,4,4,No,Yes,Yes,Yes,F-Tech Snowparks,Yes,No,December to April,Regional Hub Station,International Gateway,Good,@snowpark_ratschings,https://www.f-techsnowparks.com/portfolio/ratschings/,https://www.f-techsnowparks.com/portfolio/ratschings/,Yes,46.852,11.295
park-italy-rosskopf-monte-cavallo-sterzing,Snowpark Rosskopf,Rosskopf Monte Cavallo (Sterzing),Italy,South Tyrol,Resort,Mountain / Resort,45,15,30,40 to 79 Features,No,None,4,4,4,4,4,No,Yes,Yes,Yes,F-Tech Snowparks,Yes,No,December to April,Regional Hub Station,International Gateway,Good,@snowpark_rosskopf,https://www.f-techsnowparks.com/portfolio/rosskopf/,https://www.f-techsnowparks.com/portfolio/rosskopf/,Yes,46.902,11.419
park-italy-san-martino-di-castrozza,Snowpark San Martino,San Martino di Castrozza,Italy,Trentino,Resort,Mountain / Resort,45,15,30,40 to 79 Features,No,None,4,4,4,4,4,No,Yes,Yes,Yes,F-Tech Snowparks,Yes,No,December to April,Regional Hub Station,International Gateway,Good,@snowpark_san_martino,https://www.f-techsnowparks.com/portfolio/san-martino/,https://www.f-techsnowparks.com/portfolio/san-martino/,Yes,46.262,11.795
park-italy-schoeneben-reschenpass,Snowpark Schöneben,Schöneben - Reschenpass,Italy,South Tyrol,Resort,Mountain / Resort,45,15,30,40 to 79 Features,No,None,4,4,4,4,4,No,Yes,Yes,Yes,QParks,Yes,No,December to April,Regional Hub Station,International Gateway,Good,@snowpark_schoeneben,https://www.qparks.com/snowpark-schoeneben/,https://www.qparks.com/snowpark-schoeneben/,Yes,46.8042,10.5125
park-italy-alpe-di-siusi-seiser-alm,Snowpark Seiser Alm,Alpe di Siusi (Seiser Alm),Italy,South Tyrol,Resort,2000m,70,22,48,40 to 79 Features,No,None,5,5,5,5,5,No,Yes,Yes,Yes,F-Tech Snowparks,Yes,No,December to April,Bolzano (25 km),Innsbruck INN (110 km) / Verona (150 km),Good,@snowparkseiseralm,https://www.seiseralm.it,https://www.f-techsnowparks.com,Yes,46.541,11.615
park-italy-speikboden-sand-in-taufers,Snowpark Speikboden,Speikboden (Sand in Taufers),Italy,South Tyrol,Resort,Mountain / Resort,45,15,30,40 to 79 Features,No,None,4,4,4,4,4,No,Yes,Yes,Yes,F-Tech Snowparks,Yes,No,December to April,Regional Hub Station,International Gateway,Good,@snowpark_speikboden,https://www.f-techsnowparks.com/portfolio/speikboden/,https://www.f-techsnowparks.com/portfolio/speikboden/,Yes,46.907,11.896
park-italy-madonna-di-campiglio-grost,Ursus Snowpark,Madonna di Campiglio (Grostè),Italy,Trentino,Resort,2500m,45,15,30,40 to 79 Features,No,None,4,5,5,4,5,No,Yes,Yes,Yes,F-Tech Snowparks,Yes,No,December to April,Trento (70 km),Verona VRN (150 km),Moderate,@ursussnowpark,https://www.ursus-snowpark.com,https://www.ursus-snowpark.com/events,Yes,46.248,10.879
park-japan-hoshino-resorts-nekoma-mountain-alts-bandai,Alts Bandai Step Up Park,Hoshino Resorts Nekoma Mountain (Alts Bandai),Japan,Fukushima,Resort,Mountain / Resort,45,15,30,40 to 79 Features,Yes,Superpipe (6.5m+),4,4,5,5,5,Yes,Yes,Yes,Yes,Hoshino Resorts Park Team,Yes,No,December to April,Regional Hub Station,International Gateway,Good,@alts_bandai_step_up_park,https://www.nekoma.co.jp/en/snowpark/,https://www.nekoma.co.jp/en/snowpark/,Yes,37.585,140.048
park-japan-hakuba-47-winter-sports-park,Hakuba 47 R-4 Snow Park,Hakuba 47 Winter Sports Park,Japan,Nagano,Resort,1200m,50,16,34,40 to 79 Features,Yes,Superpipe,4,5,5,5,5,Yes,Yes,Yes,Yes,Hakuba 47 Digger Crew,Yes,No,December to May,Hakuba Station (5 km),Tokyo Haneda HND (270 km),Good,@hakuba47park,https://www.hakuba47.co.jp,https://www.hakuba47.co.jp/events,Yes,36.696,137.835
park-japan-niseko-tokyu-grand-hirafu,Niseko Grand Hirafu Free Ride Park,Niseko Tokyu Grand Hirafu,Japan,Hokkaido,Resort,Mountain / Resort,26,8,18,20 to 39 Features,No,None,4,3,3,2,3,No,Yes,Yes,Yes,Grand Hirafu Park Crew,Yes,No,December to April,Regional Hub Station,International Gateway,Good,@niseko_grand_hirafu_free_ride_park,https://www.grand-hirafu.jp/winter/en/mountain/snowpark.html,https://www.grand-hirafu.jp/winter/en/mountain/snowpark.html,No,42.862,140.704
park-japan-snova-mizonokuchi-r246,Snova Mizonokuchi-R246,Snova Mizonokuchi-R246,Japan,Kanagawa,Indoor,Mountain / Resort,45,15,30,40 to 79 Features,Yes,Superpipe (6.5m+),4,4,4,2,5,Yes,Yes,Yes,Yes,Snova Shapers,Yes,No,Year-round (365 days),Regional Hub Station,International Gateway,Good,@snova_mizonokuchi_r246,http://www.snova246.com/,http://www.snova246.com/,Yes,35.589,139.605
park-japan-snova-shin-yokohama,Snova Shin-Yokohama,Snova Shin-Yokohama,Japan,Kanagawa,Indoor,Mountain / Resort,45,15,30,40 to 79 Features,Yes,Superpipe (6.5m+),4,4,4,2,5,Yes,Yes,Yes,Yes,Snova Park Crew,Yes,No,Year-round (365 days),Regional Hub Station,International Gateway,Good,@snova_shin_yokohama,http://www.snova-shinyoko.com/,http://www.snova-shinyoko.com/,Yes,35.522,139.638
park-japan-yuzawa-nakazato-snow-resort,Yuzawa Nakazato Snow Park,Yuzawa Nakazato Snow Resort,Japan,Niigata,Resort,Mountain / Resort,26,8,18,20 to 39 Features,No,None,4,3,3,2,3,No,Yes,Yes,Yes,Nakazato Shape Crew,Yes,No,December to April,Regional Hub Station,International Gateway,Good,@yuzawa_nakazato_snow_park,https://www.yuzawa-nakazato.com/,https://www.yuzawa-nakazato.com/,No,36.92,138.835
park-lithuania-snow-arena-druskininkai,Snow Arena Druskininkai Freestyle Area,Snow Arena Druskininkai,Lithuania,Alytus,Indoor,Mountain / Resort,26,8,18,20 to 39 Features,No,None,4,3,3,2,3,No,Yes,Yes,Yes,Snow Arena Shapers,Yes,No,Year-round (365 days),Regional Hub Station,International Gateway,Good,@snow_arena_druskininkai_freestyle_area,https://www.snowarena.lt/,https://www.snowarena.lt/,No,54.032,23.968
park-netherlands-snowworld-amsterdam,SnowWorld Amsterdam (Spaarnwoude),SnowWorld Amsterdam,Netherlands,North Holland,Indoor,Mountain / Resort,26,8,18,20 to 39 Features,No,None,4,3,3,2,3,No,Yes,Yes,Yes,SnowWorld Shape Crew,Yes,No,Year-round (365 days),Regional Hub Station,International Gateway,Good,@snowworld_amsterdam_spaarnwoude,https://www.snowworld.com/amsterdam/,https://www.snowworld.com/amsterdam/,No,52.419,4.708
park-netherlands-snowworld-landgraaf,SnowWorld Landgraaf Terrain Park,SnowWorld Landgraaf,Netherlands,Limburg,Indoor,Indoor Dome (520m Slope),40,12,28,40 to 79 Features,No,None,5,5,4,2,4,Yes,Yes,Yes,Yes,SnowWorld Shape Crew,Yes,Yes,Year-round (365 days),Heerlen (6 km),Maastricht MST (30 km) / Düsseldorf (90 km),Good,@snowworld_nl,https://www.snowworld.com,https://www.snowworld.com/events,Yes,50.8808,6.0175
park-netherlands-snowworld-rucphen,SnowWorld Rucphen (Skidôme),SnowWorld Rucphen,Netherlands,North Brabant,Indoor,Mountain / Resort,26,8,18,20 to 39 Features,No,None,4,3,3,2,3,No,Yes,Yes,Yes,SnowWorld Shape Crew,Yes,No,Year-round (365 days),Regional Hub Station,International Gateway,Good,@snowworld_rucphen_skid_me,https://www.snowworld.com/rucphen/,https://www.snowworld.com/rucphen/,No,51.532,4.578
park-netherlands-snowworld-terneuzen,SnowWorld Terneuzen (Skidôme),SnowWorld Terneuzen,Netherlands,Zeeland,Indoor,Mountain / Resort,26,8,18,20 to 39 Features,No,None,4,3,3,2,3,No,Yes,Yes,Yes,SnowWorld Shape Crew,Yes,No,Year-round (365 days),Regional Hub Station,International Gateway,Good,@snowworld_terneuzen_skid_me,https://www.snowworld.com/terneuzen/,https://www.snowworld.com/terneuzen/,No,51.314,3.826
park-netherlands-snowworld-zoetermeer,SnowWorld Zoetermeer Freestyle Area,SnowWorld Zoetermeer,Netherlands,South Holland,Indoor,Mountain / Resort,26,8,18,20 to 39 Features,No,None,4,3,3,2,3,No,Yes,Yes,Yes,SnowWorld Shape Crew,Yes,No,Year-round (365 days),Regional Hub Station,International Gateway,Good,@snowworld_zoetermeer_freestyle_area,https://www.snowworld.com/zoetermeer/,https://www.snowworld.com/zoetermeer/,No,52.052,4.512
park-new-zealand-cardrona-alpine-resort,Cardrona Parks & Pipes,Cardrona Alpine Resort,New Zealand,Otago,Resort,1670 - 1860m,80,25,55,80+ Features,Yes,Olympic 22ft Superpipe & Minipipe,5,5,5,5,5,Yes,Yes,Yes,Yes,Effective Edge / Cardrona Parks Crew,Yes,No,June to October (Southern Winter),Wanaka (34 km) / Queenstown (58 km),Queenstown ZQN (55 km),Good,@cardronaparksnz,https://www.cardrona.com,https://www.cardrona.com/events,Yes,-44.869,169.01
park-new-zealand-the-remarkables-queenstown,The Remarkables Parks,The Remarkables (Queenstown),New Zealand,Otago,Resort,Mountain / Resort,26,8,18,20 to 39 Features,No,None,4,3,3,2,3,No,Yes,Yes,Yes,Effective Edge / NZSki Crew,Yes,No,June to October,Regional Hub Station,International Gateway,Good,@the_remarkables_parks,https://www.theremarkables.co.nz/terrain-parks/,https://www.theremarkables.co.nz/terrain-parks/,No,-45.053,168.814
park-norway-hemsedal,Hemsedal Snow Park,Hemsedal,Norway,Viken,Resort,Mountain / Resort,26,8,18,20 to 39 Features,No,None,4,3,3,2,3,No,Yes,Yes,Yes,SkiStar Hemsedal Park Crew,Yes,No,November to May,Regional Hub Station,International Gateway,Good,@hemsedal_snow_park,https://www.skistar.com/hemsedal-snow-park,https://www.skistar.com/hemsedal-snow-park,No,60.862,8.514
park-norway-sn-oslo-l-renskog,SNØ Lørenskog Indoor Park,SNØ Oslo / Lørenskog,Norway,Viken,Indoor,Indoor Dome,35,10,25,20 to 39 Features,No,None,5,5,4,2,4,No,Yes,Yes,Yes,SNØ Freestyle Park Crew,Yes,Yes,Year-round (365 days),Lørenskog Station (0.5 km),Oslo OSL (35 km),Good,@snooslo,https://snooslo.no,https://snooslo.no/events,Yes,59.932,10.998
park-norway-skimore-oslo-tryvann,Skimore Oslo Winterpark,Skimore Oslo (Tryvann),Norway,Oslo,Resort,Mountain / Resort,45,15,30,40 to 79 Features,Yes,Superpipe (6.5m+),4,4,5,5,5,Yes,Yes,Yes,Yes,Oslo Winterpark Crew / Schneestern,Yes,No,December to April,Regional Hub Station,International Gateway,Good,@skimore_oslo_winterpark,https://skimore.no/oslo/snowpark/,https://skimore.no/oslo/snowpark/,Yes,59.988,10.669
park-norway-trysil,Trysil Snow Park,Trysil,Norway,Innlandet,Resort,750m,60,20,40,40 to 79 Features,No,None,5,5,5,5,5,No,Yes,Yes,Yes,SkiStar Trysil Park Crew,Yes,Yes,November to April,Elverum (70 km),Scandinavian Mountains SCR (45 km) / Oslo OSL (160 km),Good,@trysilparken,https://www.skistar.com,https://www.skistar.com/events,Yes,61.312,12.245
park-norway-rauland-skisenter,Vierli Snowpark (Rauland),Rauland Skisenter,Norway,Telemark,Resort,900m,42,12,30,40 to 79 Features,No,None,4,5,4,4,4,No,Yes,Yes,Yes,Vierli Shapers,Yes,Yes,November to April,Bø i Telemark (65 km),Sandefjord TRF (150 km) / Oslo OSL (220 km),Moderate,@vierlisnowpark,https://visitrauland.com,https://visitrauland.com/events,Yes,59.736,8.012
park-oman-ski-oman-mall-of-oman,Ski Oman Terrain Park,Ski Oman (Mall of Oman),Oman,Muscat,Indoor,Mountain / Resort,26,8,18,20 to 39 Features,No,None,4,3,3,2,3,No,Yes,Yes,Yes,Ski Oman Park Crew,Yes,No,Year-round (365 days),Regional Hub Station,International Gateway,Good,@ski_oman_terrain_park,https://www.skioman.com/,https://www.skioman.com/,No,23.579,58.408
park-poland-bia-ka-tatrza-ska-kotelnica,Kotelnica Snowpark,Białka Tatrzańska (Kotelnica),Poland,Lesser Poland,Resort,910m,35,12,23,20 to 39 Features,No,None,4,4,3,2,3,No,Yes,Yes,Yes,Techramps / Snowparki.com,Yes,Yes,December to April,Nowy Targ (15 km),Kraków KRK (105 km),Good,@kotelnicabialczanska,https://bialkatatrzanska.pl,https://bialkatatrzanska.pl/events,Yes,49.392,20.102
park-poland-s-otwiny-arena-krynica-zdr-j,M Park Słotwiny Arena,Słotwiny Arena (Krynica-Zdrój),Poland,Lesser Poland,Resort,850m,40,14,26,40 to 79 Features,No,None,4,4,4,4,4,No,Yes,Yes,Yes,Techramps / Snowparki.com,Yes,Yes,December to March,Krynica-Zdrój (3 km),Kraków KRK (140 km),Good,@slotwinyarena,https://slotwinyarena.pl,https://slotwinyarena.pl/events,Yes,49.431,20.941
park-poland-szczyrk-mountain-resort,Szczyrk Snowpark,Szczyrk Mountain Resort,Poland,Silesian Beskids,Resort,1000m,28,8,20,20 to 39 Features,No,None,4,4,3,2,3,No,Yes,Yes,Yes,Techramps / Szczyrk Crew,Yes,Yes,December to March,Bielsko-Biała (18 km),Katowice KTW (110 km) / Kraków KRK (110 km),Good,@szczyrkowski,https://www.szczyrkowski.pl,https://www.szczyrkowski.pl/events,Yes,49.698,18.998
park-poland-czarny-gro-rzyki,Tiger Snowpark Czarny Groń,Czarny Groń (Rzyki),Poland,Lesser Poland,Resort,750m,38,10,28,20 to 39 Features,No,None,4,5,4,3,4,No,Yes,Yes,Yes,Tiger Park Crew / Techramps,Yes,Yes,December to March,Andrychów (8 km),Kraków KRK (65 km) / Katowice KTW (90 km),Good,@tigersnowpark,https://czarnygron.pl,https://czarnygron.pl/events,Yes,49.791,19.418
park-slovakia-park-snow-donovaly-z-hradi-te,Riders Park Donovaly,PARK SNOW Donovaly (Záhradište),Slovakia,Banská Bystrica,Resort,950m,30,10,20,20 to 39 Features,No,None,4,4,3,2,3,No,Yes,Yes,Yes,Riders Park Shape Crew,Yes,Yes,December to March,Banská Bystrica (25 km),Poprad TAT (110 km) / Vienna VIE (270 km),Good,@ridersparkdonovaly,https://www.parksnow.sk,https://www.parks.sk,Yes,48.878,19.224
park-slovakia-jasn-low-tatras-chopok,Snowpark Jasná (Otupné),Jasná Low Tatras (Chopok),Slovakia,Žilina,Resort,1200m,38,12,26,20 to 39 Features,No,None,4,5,4,3,4,No,Yes,Yes,Yes,Jasná Park Crew / TMR,Yes,Yes,December to April,Liptovský Mikuláš (14 km),Poprad-Tatry TAT (60 km) / Bratislava (280 km),Good,@jasna_nizke_tatry,https://www.jasna.sk,https://www.jasna.sk/events,Yes,48.968,19.585
park-slovenia-rogla-ma-in-aga,Fun Park Rogla,Rogla (Mašinžaga),Slovenia,Styria,Resort,1517m,28,8,20,20 to 39 Features,No,None,4,4,3,2,3,No,Yes,Yes,Yes,Rogla Park Team,Yes,Yes,December to March,Celje (40 km),Ljubljana LJU (110 km) / Graz GRZ (120 km),Moderate,@rogla.si,https://www.rogla.eu,https://www.rogla.eu/events,Yes,46.452,15.334
park-slovenia-vogel-ski-center-bohinj,Snowpark Vogel,Vogel Ski Center (Bohinj),Slovenia,Upper Carniola,Resort,1535m,25,8,17,20 to 39 Features,No,None,4,4,3,2,3,No,Yes,Yes,Yes,Vogel Shaper Crew,No,No,December to April,Bohinjska Bistrica (12 km),Ljubljana LJU (65 km),Good,@vogelparkslovenia,https://www.vogel.si,https://www.vogel.si/events,Yes,46.258,13.842
park-south-korea-phoenix-pyeongchang,Phoenix Pyeongchang Extreme Park,Phoenix Pyeongchang,South Korea,Gangwon-do,Resort,Mountain / Resort,45,15,30,40 to 79 Features,Yes,Superpipe (6.5m+),4,4,5,5,5,Yes,Yes,Yes,Yes,Schneestern / Phoenix Crew,Yes,No,December to April,Regional Hub Station,International Gateway,Good,@phoenix_pyeongchang_extreme_park,https://phoenixhnr.co.kr/en/page/pyeongchang/ski,https://phoenixhnr.co.kr/en/page/pyeongchang/ski,Yes,37.581,128.324
park-spain-snozone-madrid-intu-xanad,Snowzone Madrid Xanadú,SnoZone Madrid (Intu Xanadú),Spain,Madrid,Indoor,Mountain / Resort,26,8,18,20 to 39 Features,No,None,4,3,3,2,3,No,Yes,Yes,Yes,SnoZone Madrid Shape Crew,Yes,No,Year-round (365 days),Regional Hub Station,International Gateway,Good,@snowzone_madrid_xanad,https://www.snozonemadrid.com/,https://www.snozonemadrid.com/,No,40.298,-3.925
park-spain-sierra-nevada-loma-de-d-lar,Sulayr Snowpark & Superpipe,Sierra Nevada (Loma de Dílar),Spain,Andalusia,Resort,2400 - 2700m,60,18,42,40 to 79 Features,Yes,Superpipe (165m),4,5,5,5,5,No,Yes,Yes,Yes,Sulayr Park Team,Yes,No,December to April,Granada (35 km),Granada GRX (45 km) / Málaga AGP (160 km),Good,@sulayrsnowpark,https://sierranevada.es,https://sierranevada.es/events,Yes,37.089,-3.389
park-sweden-klaeppen-ski-resort,Kläppen Snowpark,Kläppen Ski Resort,Sweden,Dalarna,Resort,600m,70,24,46,40 to 79 Features,Yes,Halfpipe & Landing Airbag,5,5,5,5,5,Yes,Yes,Yes,Yes,Kläppen Snowpark Crew,Yes,Yes,November to April,Mora (75 km),Scandinavian Mountains SCR (35 km),Good,@klappensnowpark,https://www.klappen.se,https://www.klappen.se/events,Yes,61.026,13.064
park-sweden-re-ski-resort,Åre Snow Park (Bräcke),Åre Ski Resort,Sweden,Jämtland,Resort,Mountain / Resort,26,8,18,20 to 39 Features,No,None,4,3,3,2,3,No,Yes,Yes,Yes,SkiStar Åre Park Crew,Yes,No,November to May,Regional Hub Station,International Gateway,Good,@re_snow_park_braecke,https://www.skistar.com/are-snow-park,https://www.skistar.com/are-snow-park,No,63.398,13.078
park-switzerland-corvatsch-silvaplana,Corvatsch Park,Corvatsch Silvaplana,Switzerland,Graubünden,Resort,2700m,70,24,46,40 to 79 Features,Yes,Superpipe (7.0m Erdbau),4,5,5,5,5,Yes,Yes,Yes,Yes,Schneestern / Corvatsch Shape Crew,Yes,No,December to April,St. Moritz (8 km),Zürich ZRH (210 km),Good,@corvatsch_park,https://www.corvatschpark.ch,https://www.corvatsch.ch/events,Yes,46.425,9.818
park-switzerland-crans-montana-cry-d-er,Crans-Montana Snowpark (Alaïa Parks),Crans-Montana (Cry d'Er),Switzerland,Valais,Resort,2200 - 3000m,55,18,37,40 to 79 Features,Yes,Superpipe (22ft),4,5,5,5,5,Yes,Yes,Yes,Yes,Alaïa / Crans-Montana Parks,Yes,No,December to May,Sierre (Funicular to Crans),Geneva GVA (180 km),Good,@alaiaparks,https://www.alaiaparks.ch,https://www.alaiaparks.ch/events,Yes,46.321,7.482
park-switzerland-davos-jakobshorn,JatzPark & Bolgen Superpipe,Davos Jakobshorn,Switzerland,Graubünden,Resort,1560 - 2300m,38,12,26,20 to 39 Features,Yes,Superpipe (6.0m Bolgen),4,4,5,5,5,No,Yes,Yes,Yes,Davos Klosters Shape Crew,Yes,Yes,December to April,Davos Platz (0.5 km),Zürich ZRH (150 km),Good,@jatzpark,https://www.davosklostersmountains.ch,https://www.davos.ch/events,Yes,46.772,9.821
park-switzerland-grindelwald-first-jungfrau,Snowpark Grindelwald-First,Grindelwald-First (Jungfrau),Switzerland,Bernese Oberland,Resort,2168m,42,14,28,40 to 79 Features,No,None,4,4,4,4,4,No,Yes,Yes,Yes,Jungfrau Freestyle Crew,Yes,No,December to April,Grindelwald (3 km),Bern BRN (70 km) / Zürich (150 km),Good,@snowparkgrindelwaldfirst,https://www.jungfrau.ch,https://www.jungfrau.ch/events,Yes,46.659,8.055
park-switzerland-laax-flims-laax-falera,Snowpark Laax (NoName / Crap Sogn Gion),Laax (Flims Laax Falera),Switzerland,Graubünden,Resort,2200m,95,30,65,80+ Features,Yes,Superpipe (6.9m / 23ft),5,5,5,5,5,Yes,Yes,Yes,Yes,LAAX Freestyle Academy Crew,Yes,Yes,December to April,Chur (25 km + PostBus),Zürich ZRH (145 km),Good,@snowparklaax,https://www.laax.com,https://open.laax.com,Yes,46.837,9.215
park-switzerland-scuol-motta-naluns,Snowpark Scuol,Scuol Motta Naluns,Switzerland,Graubünden,Resort,Mountain / Resort,45,15,30,40 to 79 Features,No,None,4,4,4,4,4,No,Yes,Yes,Yes,QParks,Yes,No,December to April,Regional Hub Station,International Gateway,Good,@snowpark_scuol,https://www.qparks.com/snowpark-scuol/,https://www.qparks.com/snowpark-scuol/,Yes,46.805,10.279
park-switzerland-verbier-4-vall-es-la-chaux,Snowpark Verbier,Verbier (4 Vallées / La Chaux),Switzerland,Valais,Resort,Mountain / Resort,26,8,18,20 to 39 Features,No,None,4,3,3,2,3,No,Yes,Yes,Yes,Verbier Shape Crew,Yes,No,December to April,Regional Hub Station,International Gateway,Good,@snowpark_verbier,https://verbier4vallees.ch/snowpark,https://verbier4vallees.ch/snowpark,No,46.089,7.288
park-switzerland-zermatt-theodul-glacier,Snowpark Zermatt,Zermatt (Theodul Glacier),Switzerland,Valais,Resort,3200m,36,12,24,20 to 39 Features,Yes,Superpipe,3,4,5,5,5,No,Yes,Yes,Yes,Zermatt Shape Team,Yes,No,October to May & Summer,Zermatt (Direct Train),Geneva GVA (230 km),Good,@zermattsnowpark,https://www.matterhornparadise.ch,https://www.zermatt.ch/events,Yes,45.946,7.731
park-united-arab-emirates-ski-dubai-mall-of-the-emirates,Ski Dubai Freestyle Park,Ski Dubai (Mall of the Emirates),United Arab Emirates,Dubai,Indoor,Mountain / Resort,26,8,18,20 to 39 Features,No,None,4,3,3,2,3,No,Yes,Yes,Yes,Ski Dubai Freestyle Crew,Yes,No,Year-round (365 days),Regional Hub Station,International Gateway,Good,@ski_dubai_freestyle_park,https://www.skidxb.com/,https://www.skidxb.com/,No,25.118,55.199
park-united-kingdom-bearsden-ski-board-club,Bearsden Freestyle Slope,Bearsden Ski & Board Club,United Kingdom,East Dunbartonshire,Dryslope,Mountain / Resort,26,8,18,20 to 39 Features,No,None,4,3,3,1,3,No,Yes,No,Yes,Bearsden Freestyle Crew,No,No,Year-round (365 days),Regional Hub Station,International Gateway,Good,@bearsden_freestyle_slope,https://www.skibearsden.co.uk/,https://www.skibearsden.co.uk/,No,55.918,-4.331
park-united-kingdom-bratham-llandudno-snowsports-centre,Bratham Freestyle Dryslope,Bratham / Llandudno Snowsports Centre,United Kingdom,Wales,Dryslope,Mountain / Resort,26,8,18,20 to 39 Features,No,None,4,3,3,1,3,No,Yes,No,Yes,Llandudno Freestyle Crew,No,No,Year-round (365 days),Regional Hub Station,International Gateway,Good,@bratham_freestyle_dryslope,https://www.llandudnosnowsports.co.uk/,https://www.llandudnosnowsports.co.uk/,No,53.332,-3.831
park-united-kingdom-cardiff-ski-centre-fairwater,Cardiff Ski and Snowboard Centre,Cardiff Ski Centre (Fairwater),United Kingdom,Wales,Dryslope,Mountain / Resort,26,8,18,20 to 39 Features,No,None,4,3,3,1,3,No,Yes,No,Yes,Cardiff Freestyle Crew,No,No,Year-round (365 days),Regional Hub Station,International Gateway,Good,@cardiff_ski_and_snowboard_centre,https://www.skicardiff.co.uk/,https://www.skicardiff.co.uk/,No,51.491,-3.245
park-united-kingdom-chill-factore-manchester,Chill Factore Freestyle Park,Chill Factore Manchester,United Kingdom,Greater Manchester,Indoor,Mountain / Resort,26,8,18,20 to 39 Features,No,None,4,3,3,2,3,No,Yes,Yes,Yes,Chill Factore Freestyle Team,Yes,No,Year-round (365 days),Regional Hub Station,International Gateway,Good,@chill_factore_freestyle_park,https://www.chillfactore.com/,https://www.chillfactore.com/,No,53.468,-2.355
park-united-kingdom-gloucester-ski-centre,Gloucester Ski & Snowboard Centre,Gloucester Ski Centre,United Kingdom,Gloucestershire,Dryslope,Mountain / Resort,26,8,18,20 to 39 Features,No,None,4,3,3,1,3,No,Yes,No,Yes,Gloucester Freestyle Crew,No,No,Year-round (365 days),Regional Hub Station,International Gateway,Good,@gloucester_ski_snowboard_centre,https://www.gloucesterski.com/,https://www.gloucesterski.com/,No,51.849,-2.208
park-united-kingdom-halifax-snowsports-centre,Halifax Ski & Snowboard Centre,Halifax Snowsports Centre,United Kingdom,West Yorkshire,Dryslope,Mountain / Resort,26,8,18,20 to 39 Features,No,None,4,3,3,1,3,No,Yes,No,Yes,Halifax Freestyle Crew,No,No,Year-round (365 days),Regional Hub Station,International Gateway,Good,@halifax_ski_snowboard_centre,https://www.halifaxsnowsports.co.uk/,https://www.halifaxsnowsports.co.uk/,No,53.738,-1.865
park-united-kingdom-midlothian-snowsports-centre-hillend,Hillend Edinburgh Snowsports Centre,Midlothian Snowsports Centre (Hillend),United Kingdom,Midlothian,Dryslope,250m,24,6,18,20 to 39 Features,No,None,4,4,3,1,3,No,Yes,No,Yes,Hillend Freestyle Crew,No,Yes,Year-round,Edinburgh Waverley (8 km),Edinburgh EDI (18 km),Good,@midlothiansnowsports,https://www.midlothian.gov.uk/snowsports,https://www.midlothian.gov.uk/events,Yes,55.898,-3.208
park-united-kingdom-norfolk-snowsports-club-trowse,Norfolk Snowsports Club Freestyle Park,Norfolk Snowsports Club (Trowse),United Kingdom,Norfolk,Dryslope,Mountain / Resort,26,8,18,20 to 39 Features,No,None,4,3,3,1,3,No,Yes,No,Yes,Norfolk Freestyle Crew,No,No,Year-round (365 days),Regional Hub Station,International Gateway,Good,@norfolk_snowsports_club_freestyle_park,https://www.norfolksnowsports.com/,https://www.norfolksnowsports.com/,No,52.612,1.321
park-united-kingdom-sheffield-snowsports-park,Sheffield Ski Village Dryslope,Sheffield Snowsports Park,United Kingdom,South Yorkshire,Dryslope,Mountain / Resort,26,8,18,20 to 39 Features,No,None,4,3,3,1,3,No,Yes,No,Yes,Sheffield Freestyle Shapers,No,No,Year-round (365 days),Regional Hub Station,International Gateway,Good,@sheffield_ski_village_dryslope,https://sheffieldsnowsports.co.uk/,https://sheffieldsnowsports.co.uk/,No,53.398,-1.492
park-united-kingdom-snow-factor-glasgow,Snow Factor Braehead (Soar),Snow Factor Glasgow,United Kingdom,Renfrewshire,Indoor,Mountain / Resort,26,8,18,20 to 39 Features,No,None,4,3,3,2,3,No,Yes,Yes,Yes,Snow Factor Shapers,Yes,No,Year-round (365 days),Regional Hub Station,International Gateway,Good,@snow_factor_braehead_soar,https://www.snowfactor.com/,https://www.snowfactor.com/,No,55.877,-4.368
park-united-kingdom-snozone-milton-keynes-xscape,Snozone Milton Keynes,Snozone Milton Keynes (Xscape),United Kingdom,Buckinghamshire,Indoor,Mountain / Resort,26,8,18,20 to 39 Features,No,None,4,3,3,2,3,No,Yes,Yes,Yes,Snozone Freestyle Crew,Yes,No,Year-round (365 days),Regional Hub Station,International Gateway,Good,@snozone_milton_keynes,https://www.snozoneuk.com/milton-keynes/,https://www.snozoneuk.com/milton-keynes/,No,52.039,-0.749
park-united-kingdom-snozone-yorkshire-xscape,Snozone Yorkshire (Castleford),Snozone Yorkshire (Xscape),United Kingdom,West Yorkshire,Indoor,Mountain / Resort,26,8,18,20 to 39 Features,No,None,4,3,3,2,3,No,Yes,Yes,Yes,Snozone Freestyle Crew,Yes,No,Year-round (365 days),Regional Hub Station,International Gateway,Good,@snozone_yorkshire_castleford,https://www.snozoneuk.com/yorkshire/,https://www.snozoneuk.com/yorkshire/,No,53.715,-1.338
park-united-kingdom-stoke-ski-centre,Stoke Ski Centre (Freestyle Park),Stoke Ski Centre,United Kingdom,Staffordshire,Dryslope,Mountain / Resort,26,8,18,20 to 39 Features,No,None,4,3,3,1,3,No,Yes,No,Yes,Stoke Freestyle Crew,No,No,Year-round (365 days),Regional Hub Station,International Gateway,Good,@stoke_ski_centre_freestyle_park,https://www.stokeskicentre.co.uk/,https://www.stokeskicentre.co.uk/,No,53.032,-2.185
park-united-kingdom-suffolk-ski-centre-ipswich,Suffolk Ski Centre Freestyle Park,Suffolk Ski Centre (Ipswich),United Kingdom,Suffolk,Dryslope,Mountain / Resort,26,8,18,20 to 39 Features,No,None,4,3,3,1,3,No,Yes,No,Yes,Suffolk Freestyle Crew,No,No,Year-round (365 days),Regional Hub Station,International Gateway,Good,@suffolk_ski_centre_freestyle_park,https://www.suffolkskicentre.co.uk/,https://www.suffolkskicentre.co.uk/,No,52.022,1.145
park-united-kingdom-the-snow-centre-hemel-hempstead,The Snow Centre Hemel Hempstead,The Snow Centre Hemel Hempstead,United Kingdom,Hertfordshire,Indoor,Indoor Dome,26,8,18,20 to 39 Features,No,None,5,4,3,2,3,No,Yes,Yes,Yes,The Snow Centre Freestyle Crew,Yes,Yes,Year-round (Freestyle Nights),Hemel Hempstead (3 km),London Luton LTN (20 km) / Heathrow (40 km),Good,@thesnowcentre,https://www.thesnowcentre.com,https://www.thesnowcentre.com/events,Yes,51.745,-0.468
park-united-states-buttermilk-mountain-aspen,Aspen Snowmass Buttermilk Park,Buttermilk Mountain (Aspen),United States,Colorado,Resort,Mountain / Resort,45,15,30,40 to 79 Features,Yes,Superpipe (6.5m+),4,4,5,5,5,Yes,Yes,Yes,Yes,Snowmass / SPT,Yes,No,December to April,Regional Hub Station,International Gateway,Good,@aspen_snowmass_buttermilk_park,https://www.aspensnowmass.com/terrain-parks,https://www.aspensnowmass.com/terrain-parks,Yes,39.205,-106.861
park-united-states-bear-mountain-big-bear,Bear Mountain Terrain Parks,Big Bear Mountain Resort (Bear Mountain),United States,California,Resort,2176 - 2684m,120,40,80,80+ Features,Yes,Superpipe (22ft) & Minipipe,4,5,5,5,5,Yes,Yes,Yes,Yes,Bear Mountain Park Crew,Yes,Yes,Late November to Mid April,San Bernardino Depot (Metrolink),Ontario ONT (105 km) / Los Angeles LAX (175 km),Moderate,@bigbearmountainresort,https://www.bigbearmountainresort.com/,https://www.bigbearmountainresort.com/events,Yes,34.2267,-116.8602
park-united-states-big-boulder-ski-area,Big Boulder Park,Big Boulder Ski Area,United States,Pennsylvania,Resort,Mountain / Resort,26,8,18,20 to 39 Features,No,None,4,3,3,2,3,No,Yes,Yes,Yes,Big Boulder Crew,Yes,No,December to April,Regional Hub Station,International Gateway,Good,@big_boulder_park,https://www.jfbb.com/the-mountain/terrain-parks,https://www.jfbb.com/the-mountain/terrain-parks,No,41.052,-75.591
park-united-states-big-snow-american-dream,Big SNOW American Dream Freestyle Park,Big SNOW American Dream,United States,New Jersey,Indoor,Mountain / Resort,45,15,30,40 to 79 Features,No,None,4,4,4,2,4,No,Yes,Yes,Yes,Big SNOW Park Crew / SPT,Yes,No,Year-round (365 days),Regional Hub Station,International Gateway,Good,@big_snow_american_dream_freestyle_park,https://www.bigsnowamericandream.com/,https://www.bigsnowamericandream.com/,Yes,40.808,-74.068
park-united-states-big-sky-resort,Big Sky Resort Parks,Big Sky Resort,United States,Montana,Resort,Mountain / Resort,26,8,18,20 to 39 Features,No,None,4,3,3,2,3,No,Yes,Yes,Yes,Big Sky Terrain Park Crew,Yes,No,December to April,Regional Hub Station,International Gateway,Good,@big_sky_resort_parks,https://bigskyresort.com/terrain-parks,https://bigskyresort.com/terrain-parks,No,45.286,-111.401
park-united-states-breckenridge-ski-resort-peak-8-9,Breckenridge Freeway & Park Lane,Breckenridge Ski Resort (Peak 8/9),United States,Colorado,Resort,3000m,75,22,53,40 to 79 Features,Yes,Superpipe (22ft),4,5,5,5,5,No,Yes,Yes,Yes,Breck Park Crew / SPT,Yes,No,November to April,Frisco (15 km),Denver DEN (165 km),Good,@breckparkcrew,https://www.breckenridge.com,https://www.breckenridge.com/events,Yes,39.481,-106.068
park-united-states-buck-hill-ski-area,Buck Hill Neveplast Summer Park,Buck Hill Ski Area,United States,Minnesota,Dryslope,Mountain / Resort,26,8,18,20 to 39 Features,No,None,4,3,3,1,3,No,Yes,No,Yes,Buck Hill Park Crew / Neveplast,No,No,Year-round (365 days),Regional Hub Station,International Gateway,Good,@buck_hill_neveplast_summer_park,https://www.buckhill.com/,https://www.buckhill.com/,No,44.724,-93.286
park-united-states-mount-snow-carinthia,Carinthia Parks at Mount Snow,Mount Snow (Carinthia),United States,Vermont,Resort,Mountain / Resort,45,15,30,40 to 79 Features,Yes,Superpipe (6.5m+),4,4,5,5,5,Yes,Yes,Yes,Yes,Carinthia Parks Crew,Yes,No,December to April,Regional Hub Station,International Gateway,Good,@carinthia_parks_at_mount_snow,https://www.mountsnow.com/the-mountain/carinthia-parks,https://www.mountsnow.com/the-mountain/carinthia-parks,Yes,42.96,-72.887
park-united-states-keystone-resort,Keystone A51 Terrain Park,Keystone Resort,United States,Colorado,Resort,Mountain / Resort,26,8,18,20 to 39 Features,No,None,4,3,3,2,3,No,Yes,Yes,Yes,Area 51 Park Crew,Yes,No,December to April,Regional Hub Station,International Gateway,Good,@keystone_a51_terrain_park,https://www.keystoneresort.com/a-51-terrain-park,https://www.keystoneresort.com/a-51-terrain-park,No,39.605,-105.943
park-united-states-liberty-mountain-snowflex-centre-lynchburg,Liberty Mountain Snowflex Centre,Liberty Mountain Snowflex Centre (Lynchburg),United States,Virginia,Dryslope,Mountain / Resort,26,8,18,20 to 39 Features,No,None,4,3,3,1,3,No,Yes,No,Yes,Snowflex Freestyle Crew,No,No,Year-round (365 days),Regional Hub Station,International Gateway,Good,@liberty_mountain_snowflex_centre,https://www.liberty.edu/campusrec/snowflex/,https://www.liberty.edu/campusrec/snowflex/,No,37.352,-79.162
park-united-states-loon-mountain-resort,Loon Mountain Parks (LMP),Loon Mountain Resort,United States,New Hampshire,Resort,Mountain / Resort,45,15,30,40 to 79 Features,Yes,Superpipe (6.5m+),4,4,5,5,5,Yes,Yes,Yes,Yes,Loon Mountain Park Crew / SPT,Yes,No,December to April,Regional Hub Station,International Gateway,Good,@loon_mountain_parks_lmp,https://www.loonmtn.com/terrain-parks,https://www.loonmtn.com/terrain-parks,Yes,44.056,-71.631
park-united-states-mammoth-mountain,Mammoth Unbound,Mammoth Mountain,United States,California,Resort,2400 - 3369m,120,38,82,80+ Features,Yes,Superpipe (22ft) & Minipipe,5,5,5,5,5,Yes,Yes,Yes,Yes,Mammoth Unbound Park Crew / SPT,Yes,No,November to June,Reno (270 km),Mammoth Lakes MMH (15 km) / Bishop (65 km),Good,@mammothunbound,https://www.mammothmountain.com,https://www.mammothmountain.com/events,Yes,37.6308,-119.0325
park-united-states-mt-hood-meadows,Mt. Hood Meadows Parks,Mt. Hood Meadows,United States,Oregon,Resort,Mountain / Resort,45,15,30,40 to 79 Features,Yes,Superpipe (6.5m+),4,4,5,5,5,Yes,Yes,Yes,Yes,Meadows Parks Crew,Yes,No,December to April,Regional Hub Station,International Gateway,Good,@mt_hood_meadows_parks,https://www.skihood.com/the-mountain/parks,https://www.skihood.com/the-mountain/parks,Yes,45.33,-121.664
park-united-states-park-city-mountain-resort,Park City 3 Kings & Eagle Park,Park City Mountain Resort,United States,Utah,Resort,Mountain / Resort,45,15,30,40 to 79 Features,Yes,Superpipe (6.5m+),4,4,5,5,5,Yes,Yes,Yes,Yes,Park City 3 Kings Crew,Yes,No,December to April,Regional Hub Station,International Gateway,Good,@park_city_3_kings_eagle_park,https://www.parkcitymountain.com/the-mountain/terrain-parks,https://www.parkcitymountain.com/the-mountain/terrain-parks,Yes,40.651,-111.508
park-united-states-seven-springs-mountain-resort,Seven Springs Terrain Parks,Seven Springs Mountain Resort,United States,Pennsylvania,Resort,Mountain / Resort,45,15,30,40 to 79 Features,Yes,Superpipe (6.5m+),4,4,5,5,5,Yes,Yes,Yes,Yes,Seven Springs Park Crew,Yes,No,December to April,Regional Hub Station,International Gateway,Good,@seven_springs_terrain_parks,https://www.7springs.com/the-mountain/terrain-parks,https://www.7springs.com/the-mountain/terrain-parks,Yes,40.022,-79.296
park-united-states-steamboat-resort-mavericks-superpipe,Steamboat Terrain Parks,Steamboat Resort (Mavericks Superpipe),United States,Colorado,Resort,Mountain / Resort,45,15,30,40 to 79 Features,Yes,Superpipe (6.5m+),4,4,5,5,5,Yes,Yes,Yes,Yes,Steamboat Shape Crew / SPT,Yes,No,December to April,Regional Hub Station,International Gateway,Good,@steamboat_terrain_parks,https://www.steamboat.com/the-mountain/terrain-parks,https://www.steamboat.com/the-mountain/terrain-parks,Yes,40.457,-106.774
park-united-states-sunday-river-resort,Sunday River Terrain Parks,Sunday River Resort,United States,Maine,Resort,Mountain / Resort,45,15,30,40 to 79 Features,Yes,Superpipe (6.5m+),4,4,5,5,5,Yes,Yes,Yes,Yes,Sunday River Park Crew,Yes,No,December to April,Regional Hub Station,International Gateway,Good,@sunday_river_terrain_parks,https://www.sundayriver.com/terrain-parks,https://www.sundayriver.com/terrain-parks,Yes,44.473,-70.857
park-united-states-timberline-lodge-mt-hood,Timberline Freestyle Park,Timberline Lodge (Mt. Hood),United States,Oregon,Resort,Mountain / Resort,45,15,30,40 to 79 Features,Yes,Superpipe (6.5m+),4,4,5,5,5,Yes,Yes,Yes,Yes,Timberline Freestyle Crew,Yes,No,December to April,Regional Hub Station,International Gateway,Good,@timberline_freestyle_park,https://www.timberlinelodge.com/freestyle-parks,https://www.timberlinelodge.com/freestyle-parks,Yes,45.331,-121.711
park-united-states-trollhaugen-outdoor-recreation-area,Trollhaugen Valhalla & Parks,Trollhaugen Outdoor Recreation Area,United States,Wisconsin,Resort,Mountain / Resort,26,8,18,20 to 39 Features,No,None,4,3,3,2,3,No,Yes,Yes,Yes,Trollhaugen Troll Crew,Yes,No,December to April,Regional Hub Station,International Gateway,Good,@trollhaugen_valhalla_parks,https://www.trollhaugen.com/terrain-parks,https://www.trollhaugen.com/terrain-parks,No,45.378,-92.651
park-united-states-vail-ski-resort,Vail Golden Peak Park,Vail Ski Resort,United States,Colorado,Resort,Mountain / Resort,45,15,30,40 to 79 Features,Yes,Superpipe (6.5m+),4,4,5,5,5,Yes,Yes,Yes,Yes,Vail Park Crew,Yes,No,December to April,Regional Hub Station,International Gateway,Good,@vail_golden_peak_park,https://www.vail.com/the-mountain/terrain-parks,https://www.vail.com/the-mountain/terrain-parks,Yes,39.638,-106.362
park-united-states-copper-mountain,Woodward Copper,Copper Mountain,United States,Colorado,Resort,2970 - 3700m,105,32,73,80+ Features,Yes,Superpipe (22ft Olympic Pro Pipe),5,5,5,5,5,Yes,Yes,Yes,Yes,Woodward / SPT,Yes,No,November to April,Frisco Transit Center (12 km),Denver DEN (165 km),Good,@woodwardcopper,https://www.coppercolorado.com,https://www.coppercolorado.com/events,Yes,39.5015,-106.151
park-united-states-eldora-mountain-resort,Woodward Eldora,Eldora Mountain Resort,United States,Colorado,Resort,Mountain / Resort,45,15,30,40 to 79 Features,No,None,4,4,4,4,4,No,Yes,Yes,Yes,Woodward / SPT,Yes,No,December to April,Regional Hub Station,International Gateway,Good,@woodward_eldora,https://www.eldora.com/the-mountain/woodward-eldora,https://www.eldora.com/the-mountain/woodward-eldora,Yes,39.937,-105.584
park-united-states-killington-resort,Woodward Killington,Killington Resort,United States,Vermont,Resort,Mountain / Resort,45,15,30,40 to 79 Features,No,None,4,4,4,4,4,No,Yes,Yes,Yes,Woodward / SPT,Yes,No,December to April,Regional Hub Station,International Gateway,Good,@woodward_killington,https://www.killington.com/the-mountain/woodward-killington,https://www.killington.com/the-mountain/woodward-killington,Yes,43.626,-72.796
park-united-states-mt-bachelor,Woodward Mt. Bachelor,Mt. Bachelor,United States,Oregon,Resort,Mountain / Resort,45,15,30,40 to 79 Features,No,None,4,4,4,4,4,No,Yes,Yes,Yes,Woodward / SPT,Yes,No,December to April,Regional Hub Station,International Gateway,Good,@woodward_mt_bachelor,https://www.mtbachelor.com/woodward-mt-bachelor,https://www.mtbachelor.com/woodward-mt-bachelor,Yes,43.988,-121.688
park-united-states-woodward-park-city,Woodward Park City,Woodward Park City,United States,Utah,Resort,2050m,85,28,57,80+ Features,Yes,Superpipe (22ft),5,5,5,5,5,Yes,Yes,Yes,Yes,Woodward / SPT,Yes,Yes,November to April & Indoor Year-round,Salt Lake City (30 km),Salt Lake City SLC (38 km),Good,@woodwardparkcity,https://www.woodwardparkcity.com,https://www.woodwardparkcity.com/events,Yes,40.7558,-111.5833
park-united-states-boreal-mountain,Woodward Tahoe (Boreal),Boreal Mountain,United States,California,Resort,Mountain / Resort,45,15,30,40 to 79 Features,Yes,Superpipe (6.5m+),4,4,5,5,5,Yes,Yes,Yes,Yes,Woodward / SPT,Yes,No,December to April,Regional Hub Station,International Gateway,Good,@woodward_tahoe_boreal,https://www.rideboreal.com/woodward-tahoe,https://www.rideboreal.com/woodward-tahoe,Yes,39.3364,-120.3508
